Sales_Key,Order_ID,Order_Line_ID,Order_Date,Year,Quarter,Month,Month_Name,Region,Country,State,City,Product,Category,Sub_Category,Unit_Cost,Unit_Price,Customer,Segment,Customer_Rating,Customer_Key,Salesperson,Salesperson_Key,Channel,Quantity,Sales_Amount,Discount_Amount,Cost_Amount,Profit_Amount,Shipping_Cost,Net_Revenue,Payment_Mode,Is_Returned
16,ORD-2025-000012,1,2025-04-02,2025,Q2,4,April,North,India,Delhi,New Delhi,Kitchenware Treat 1,Home Goods,Kitchenware,2505.94,3354.18,Megan Grant,Corporate,3.2,5310,Alison Miller,19.0,Retail Store,1,3297.3,0.0,2505.94,791.36,19.21,3297.3,COD,0
1524,ORD-2024-001008,1,2024-01-06,2024,Q1,1,January,South,India,Karnataka,Bengaluru,Kitchenware Treat 1,Home Goods,Kitchenware,2505.94,3354.18,Philip Powell,Consumer,3.6,3633,,,Marketplace,4,13291.14,2100.47,10023.76,1166.91,21.2,11190.67,Credit Card,0
13098,ORD-2023-008346,1,2023-04-13,2023,Q2,4,April,South,India,Tamil Nadu,Chennai,Kitchenware Treat 1,Home Goods,Kitchenware,2505.94,3354.18,Joseph Acosta,Consumer,4.8,2727,,,Online,1,3315.14,1004.72,2505.94,-195.52,19.18,2310.42,UPI,0
16972,ORD-2022-010809,1,2022-12-26,2022,Q4,12,December,South,India,Karnataka,Bengaluru,Kitchenware Treat 1,Home Goods,Kitchenware,2505.94,3354.18,David Oconnell,Consumer,4.4,7513,,,Online,1,3391.31,480.46,2505.94,404.91,22.21,2910.85,UPI,0
20280,ORD-2025-012953,1,2025-09-25,2025,Q3,9,September,South,India,Tamil Nadu,Chennai,Kitchenware Treat 1,Home Goods,Kitchenware,2505.94,3354.18,Andrew Harris,Consumer,3.7,3173,Olivia Russell,16.0,Retail Store,1,3295.37,203.95,2505.94,585.48,25.15,3091.42,Net Banking,0
20403,ORD-2023-013030,1,2023-08-21,2023,Q3,8,August,East,India,Jharkhand,Ranchi,Kitchenware Treat 1,Home Goods,Kitchenware,2505.94,3354.18,Mary Delacruz,Consumer,4.0,6067,,,Marketplace,4,13630.4,1660.16,10023.76,1946.48,69.38,11970.24,COD,0
21627,ORD-2022-013791,1,2022-08-18,2022,Q3,8,August,North,India,Haryana,Gurugram,Kitchenware Treat 1,Home Goods,Kitchenware,2505.94,3354.18,Donald Smith,Consumer,3.6,4145,,,Marketplace,1,3368.43,420.89,2505.94,441.6,66.31,2947.54,Credit Card,1
22385,ORD-2025-014278,1,2025-04-10,2025,Q2,4,April,South,India,Telangana,Hyderabad,Kitchenware Treat 1,Home Goods,Kitchenware,2505.94,3354.18,Melissa Patrick,Consumer,4.4,4431,Jared Spence,78.0,Online,1,3377.36,224.28,2505.94,647.14,29.38,3153.08,Net Banking,0
27489,ORD-2023-017488,4,2023-09-22,2023,Q3,9,September,South,India,Kerala,Kochi,Kitchenware Treat 1,Home Goods,Kitchenware,2505.94,3354.18,Jill Ray,Corporate,3.7,2580,,,Online,2,6724.36,594.16,5011.88,1118.32,60.57,6130.2,Net Banking,0
35575,ORD-2024-022685,1,2024-04-22,2024,Q2,4,April,South,India,Kerala,Kochi,Kitchenware Treat 1,Home Goods,Kitchenware,2505.94,3354.18,Dr. Steve James,Corporate,4.4,1254,,,Online,1,3417.4,236.02,2505.94,675.44,76.48,3181.38,UPI,1
38563,ORD-2024-024611,1,2024-02-05,2024,Q1,2,February,East,India,West Bengal,Kolkata,Kitchenware Treat 1,Home Goods,Kitchenware,2505.94,3354.18,Nicole Sanchez,Consumer,3.5,2624,Diane Smith,92.0,Distributor,4,13662.23,1358.21,10023.76,2280.26,18.78,12304.02,UPI,0
40074,ORD-2025-025574,2,2025-11-16,2025,Q4,11,November,North,India,Rajasthan,Jaipur,Kitchenware Treat 1,Home Goods,Kitchenware,2505.94,3354.18,Daniel Fox,Consumer,3.9,811,,,Online,2,6632.76,442.32,5011.88,1178.56,88.1,6190.4400000000005,Net Banking,0
42291,ORD-2022-027029,1,2022-09-08,2022,Q3,9,September,East,India,Jharkhand,Ranchi,Kitchenware Treat 1,Home Goods,Kitchenware,2505.94,3354.18,Angel Hayes,Consumer,2.7,4731,,,Online,2,6641.54,377.14,5011.88,1252.52,79.94,6264.4,UPI,0
43110,ORD-2022-027559,1,2022-01-08,2022,Q1,1,January,West,India,Goa,Panaji,Kitchenware Treat 1,Home Goods,Kitchenware,2505.94,3354.18,Charles Lester,Corporate,2.6,191,Cindy Garza,88.0,Retail Store,3,10223.3,586.89,7517.82,2118.59,74.06,9636.41,UPI,0
49484,ORD-2025-031617,1,2025-02-20,2025,Q1,2,February,East,India,Odisha,Bhubaneswar,Kitchenware Treat 1,Home Goods,Kitchenware,2505.94,3354.18,Amber Obrien,Consumer,2.0,153,Danielle Lucas,15.0,Online,2,6761.38,481.19,5011.88,1268.31,76.95,6280.1900000000005,COD,0
57140,ORD-2022-036502,3,2022-12-17,2022,Q4,12,December,Central,India,Madhya Pradesh,Bhopal,Kitchenware Treat 1,Home Goods,Kitchenware,2505.94,3354.18,Heather Hernandez,Consumer,4.1,1796,,,Online,2,6593.76,730.52,5011.88,851.36,65.17,5863.24,UPI,1
57630,ORD-2024-036831,1,2024-06-27,2024,Q2,6,June,South,India,Telangana,Hyderabad,Kitchenware Treat 1,Home Goods,Kitchenware,2505.94,3354.18,Daniel Merritt,Corporate,3.6,4745,Taylor Parsons,103.0,Distributor,2,6659.21,545.34,5011.88,1101.99,26.76,6113.87,Net Banking,0
59492,ORD-2025-038026,1,2025-03-27,2025,Q1,3,March,West,India,Maharashtra,Mumbai,Kitchenware Treat 1,Home Goods,Kitchenware,2505.94,3354.18,Mark Hernandez,SMB,4.1,7976,Shawn Patel,86.0,Retail Store,2,6765.28,167.94,5011.88,1585.46,28.37,6597.34,COD,0
60909,ORD-2023-038927,1,2023-11-07,2023,Q4,11,November,North,India,Delhi,New Delhi,Kitchenware Treat 1,Home Goods,Kitchenware,2505.94,3354.18,Kevin Stokes,SMB,3.4,7673,Alison Miller,19.0,Retail Store,1,3355.88,65.11,2505.94,784.83,24.39,3290.77,Credit Card,0
66091,ORD-2022-042252,1,2022-05-05,2022,Q2,5,May,Central,India,Himachal Pradesh,Shimla,Kitchenware Treat 1,Home Goods,Kitchenware,2505.94,3354.18,Kevin Nguyen,Corporate,3.8,1234,,,Online,5,16701.36,1328.08,12529.7,2843.58,88.32,15373.28,UPI,0
79327,ORD-2023-050687,1,2023-11-05,2023,Q4,11,November,South,India,Karnataka,Bengaluru,Kitchenware Treat 1,Home Goods,Kitchenware,2505.94,3354.18,Jill Martin,Corporate,4.1,2735,,,Online,1,3338.39,315.9,2505.94,516.55,28.02,3022.49,COD,0
81198,ORD-2023-051912,1,2023-11-10,2023,Q4,11,November,West,India,Maharashtra,Mumbai,Kitchenware Treat 1,Home Goods,Kitchenware,2505.94,3354.18,Jacob Cabrera,SMB,4.6,7784,Tammy Nguyen,2.0,Retail Store,1,3387.32,290.19,2505.94,591.19,20.3,3097.13,Credit Card,0
84815,ORD-2025-054199,1,2025-05-02,2025,Q2,5,May,South,India,Karnataka,Bengaluru,Kitchenware Treat 1,Home Goods,Kitchenware,2505.94,3354.18,Holly Rivas,Consumer,2.8,5366,,,Online,2,6678.8,391.73,5011.88,1275.19,24.99,6287.07,Credit Card,0
97903,ORD-2023-062678,1,2023-04-15,2023,Q2,4,April,West,India,Maharashtra,Mumbai,Kitchenware Treat 1,Home Goods,Kitchenware,2505.94,3354.18,William Leblanc,Consumer,4.1,6780,,,Online,1,3399.37,367.75,2505.94,525.68,29.18,3031.62,UPI,0
102039,ORD-2023-065334,1,2023-09-29,2023,Q3,9,September,East,India,Bihar,Patna,Kitchenware Treat 1,Home Goods,Kitchenware,2505.94,3354.18,Reginald Knapp,Corporate,4.0,426,Robert Bailey,102.0,Retail Store,1,3350.98,316.09,2505.94,528.95,74.26,3034.89,UPI,0
104050,ORD-2023-066627,2,2023-06-02,2023,Q2,6,June,North,India,Uttar Pradesh,Lucknow,Kitchenware Treat 1,Home Goods,Kitchenware,2505.94,3354.18,Sandy Adkins,Consumer,3.4,2009,,,Online,5,16492.21,1683.76,12529.7,2278.75,59.23,14808.449999999999,UPI,0
108300,ORD-2022-069344,1,2022-06-26,2022,Q2,6,June,South,India,Karnataka,Bengaluru,Kitchenware Treat 1,Home Goods,Kitchenware,2505.94,3354.18,Tommy Hood,Corporate,4.3,2530,,,Online,1,3320.49,357.17,2505.94,457.38,30.29,2963.3199999999997,Credit Card,0
111717,ORD-2025-071530,2,2025-01-01,2025,Q1,1,January,South,India,Tamil Nadu,Chennai,Kitchenware Treat 1,Home Goods,Kitchenware,2505.94,3354.18,Crystal Collins,Consumer,4.5,4332,,,Online,2,6684.17,454.1,5011.88,1218.19,27.63,6230.07,Credit Card,0
113748,ORD-2022-072811,1,2022-02-11,2022,Q1,2,February,West,India,Maharashtra,Pune,Kitchenware Treat 1,Home Goods,Kitchenware,2505.94,3354.18,Lauren Coleman,Consumer,4.3,6383,,,Online,3,9865.85,1532.09,7517.82,815.94,18.7,8333.76,Net Banking,0
115825,ORD-2022-074166,1,2022-08-19,2022,Q3,8,August,West,India,Maharashtra,Mumbai,Kitchenware Treat 1,Home Goods,Kitchenware,2505.94,3354.18,David Jones,Corporate,4.2,7532,Erin Mcdowell,105.0,Retail Store,2,6593.43,261.62,5011.88,1319.93,23.83,6331.81,Credit Card,0
116367,ORD-2025-074518,2,2025-05-25,2025,Q2,5,May,North,India,Rajasthan,Jaipur,Kitchenware Treat 1,Home Goods,Kitchenware,2505.94,3354.18,Terri Pennington,Consumer,5.0,7355,,,Online,1,3403.92,351.85,2505.94,546.13,70.83,3052.07,COD,0
117021,ORD-2024-074946,2,2024-01-27,2024,Q1,1,January,South,India,Telangana,Hyderabad,Kitchenware Treat 1,Home Goods,Kitchenware,2505.94,3354.18,Jordan Williams,Corporate,3.7,5316,Michelle Hall,30.0,Retail Store,5,16574.64,1227.96,12529.7,2816.98,27.62,15346.68,UPI,0
117639,ORD-2025-075339,2,2025-04-26,2025,Q2,4,April,South,India,Kerala,Kochi,Kitchenware Treat 1,Home Goods,Kitchenware,2505.94,3354.18,Christina Wilson,Corporate,3.8,3606,Jessica Lane,20.0,Retail Store,2,6702.95,245.84,5011.88,1445.23,68.61,6457.11,UPI,0
119079,ORD-2022-076246,1,2022-07-29,2022,Q3,7,July,East,India,West Bengal,Kolkata,Kitchenware Treat 1,Home Goods,Kitchenware,2505.94,3354.18,Shelly Spencer,Corporate,4.1,301,Noah Briggs,64.0,Retail Store,1,3360.68,260.38,2505.94,594.36,29.31,3100.2999999999997,Credit Card,0
119510,ORD-2024-076525,1,2024-12-27,2024,Q4,12,December,East,India,West Bengal,Kolkata,Kitchenware Treat 1,Home Goods,Kitchenware,2505.94,3354.18,Dana Bennett,Consumer,3.9,601,,,Online,1,3295.6,350.06,2505.94,439.6,19.39,2945.54,UPI,0
1328,ORD-2025-000873,1,2025-11-30,2025,Q4,11,November,South,India,Tamil Nadu,Chennai,Kidswear Shoulder 2,Apparel,Kidswear,2257.6,3434.22,Cheryl Petersen,Consumer,4.4,6137,,,Online,5,17029.95,2063.89,11288.0,3678.06,12.07,14966.060000000001,UPI,0
4187,ORD-2024-002651,1,2024-11-13,2024,Q4,11,November,Central,India,Himachal Pradesh,Shimla,Kidswear Shoulder 2,Apparel,Kidswear,2257.6,3434.22,Rebecca Oneill,Consumer,3.7,4952,,,Online,2,6840.99,906.29,4515.2,1419.5,51.79,5934.7,Net Banking,0
6589,ORD-2024-004171,2,2024-02-20,2024,Q1,2,February,South,India,Telangana,Hyderabad,Kidswear Shoulder 2,Apparel,Kidswear,2257.6,3434.22,William Keith,Consumer,4.4,809,,,Marketplace,3,10440.21,1706.89,6772.8,1960.52,16.1,8733.32,Credit Card,0
7328,ORD-2023-004642,1,2023-09-19,2023,Q3,9,September,South,India,Kerala,Kochi,Kidswear Shoulder 2,Apparel,Kidswear,2257.6,3434.22,Amanda Barber,Corporate,4.7,3216,,,Online,1,3486.14,295.37,2257.6,933.17,48.61,3190.77,Net Banking,0
7649,ORD-2023-004853,2,2023-11-02,2023,Q4,11,November,North,India,Delhi,New Delhi,Kidswear Shoulder 2,Apparel,Kidswear,2257.6,3434.22,Brandon Edwards,Consumer,3.9,2819,,,Online,6,20696.34,2258.65,13545.6,4892.09,16.47,18437.69,UPI,0
9252,ORD-2024-005872,2,2024-07-07,2024,Q3,7,July,West,India,Madhya Pradesh,Indore,Kidswear Shoulder 2,Apparel,Kidswear,2257.6,3434.22,Joseph Moon,Consumer,2.6,4004,,,Online,1,3441.8,413.55,2257.6,770.65,49.96,3028.25,UPI,0
9956,ORD-2023-006323,2,2023-02-05,2023,Q1,2,February,West,India,Maharashtra,Mumbai,Kidswear Shoulder 2,Apparel,Kidswear,2257.6,3434.22,Natalie Bautista,Consumer,3.2,178,,,Marketplace,2,6801.39,1089.43,4515.2,1196.76,14.51,5711.96,Credit Card,0
12135,ORD-2023-007722,1,2023-05-28,2023,Q2,5,May,South,India,Tamil Nadu,Chennai,Kidswear Shoulder 2,Apparel,Kidswear,2257.6,3434.22,Melissa Sanchez,Corporate,2.7,3497,Dylan Baker,56.0,Retail Store,5,17171.48,100.79,11288.0,5782.69,12.5,17070.69,UPI,0
12374,ORD-2023-007870,1,2023-03-22,2023,Q1,3,March,West,India,Maharashtra,Mumbai,Kidswear Shoulder 2,Apparel,Kidswear,2257.6,3434.22,Jacob Cabrera,SMB,4.6,7784,,,Online,5,17057.35,1191.42,11288.0,4577.93,15.52,15865.929999999998,Wire Transfer,0
12914,ORD-2024-008219,1,2024-11-15,2024,Q4,11,November,Central,India,Uttar Pradesh,Kanpur,Kidswear Shoulder 2,Apparel,Kidswear,2257.6,3434.22,Michael Johnson,Consumer,4.2,6415,,,Online,1,3480.2,1001.33,2257.6,221.27,38.39,2478.87,Net Banking,0
13045,ORD-2022-008309,1,2022-03-08,2022,Q1,3,March,South,India,Karnataka,Bengaluru,Kidswear Shoulder 2,Apparel,Kidswear,2257.6,3434.22,Daniel Smith,Corporate,3.8,6480,,,Marketplace,2,6747.4,986.61,4515.2,1245.59,10.77,5760.79,Credit Card,0
14963,ORD-2023-009519,2,2023-10-03,2023,Q4,10,October,South,India,Andhra Pradesh,Visakhapatnam,Kidswear Shoulder 2,Apparel,Kidswear,2257.6,3434.22,Hector Mcgee,Consumer,3.3,3631,Yvonne Patterson,12.0,Distributor,2,6900.67,301.68,4515.2,2083.79,34.32,6598.99,UPI,0
15537,ORD-2024-009882,1,2024-08-06,2024,Q3,8,August,North,India,Rajasthan,Jaipur,Kidswear Shoulder 2,Apparel,Kidswear,2257.6,3434.22,John Rodriguez,Consumer,3.6,5074,,,Marketplace,3,10330.93,1365.28,6772.8,2192.85,35.18,8965.65,UPI,0
16235,ORD-2023-010332,2,2023-04-29,2023,Q2,4,April,West,India,Maharashtra,Pune,Kidswear Shoulder 2,Apparel,Kidswear,2257.6,3434.22,James Griffith,Consumer,4.6,3181,Shelly Jackson,93.0,Online,3,10165.42,814.08,6772.8,2578.54,16.68,9351.34,Credit Card,0
18537,ORD-2025-011837,4,2025-02-20,2025,Q1,2,February,North,India,Haryana,Gurugram,Kidswear Shoulder 2,Apparel,Kidswear,2257.6,3434.22,Debbie Schneider,Consumer,4.1,4428,Nicole Lewis,27.0,Online,1,3391.02,309.48,2257.6,823.94,36.52,3081.54,Credit Card,0
19244,ORD-2023-012301,1,2023-06-08,2023,Q2,6,June,South,India,Telangana,Hyderabad,Kidswear Shoulder 2,Apparel,Kidswear,2257.6,3434.22,Larry Harris,Consumer,3.0,529,Daniel Martinez,34.0,Online,1,3475.3,267.47,2257.6,950.23,15.99,3207.83,UPI,0
19474,ORD-2023-012448,2,2023-07-30,2023,Q3,7,July,Central,India,Uttar Pradesh,Kanpur,Kidswear Shoulder 2,Apparel,Kidswear,2257.6,3434.22,Rebecca Estrada,Corporate,3.9,4142,,,Marketplace,1,3476.86,251.38,2257.6,967.88,39.75,3225.48,Credit Card,0
20525,ORD-2024-013112,2,2024-05-24,2024,Q2,5,May,South,India,Telangana,Hyderabad,Kidswear Shoulder 2,Apparel,Kidswear,2257.6,3434.22,Cynthia Bates,Consumer,4.6,1561,,,Online,2,6807.78,613.24,4515.2,1679.34,10.92,6194.54,UPI,0
22150,ORD-2023-014118,1,2023-11-28,2023,Q4,11,November,North,India,Uttar Pradesh,Lucknow,Kidswear Shoulder 2,Apparel,Kidswear,2257.6,3434.22,Tom Duncan,Consumer,3.3,3266,,,Online,3,10436.64,1003.69,6772.8,2660.15,46.54,9432.949999999999,Credit Card,0
23063,ORD-2022-014697,1,2022-11-29,2022,Q4,11,November,West,India,Maharashtra,Pune,Kidswear Shoulder 2,Apparel,Kidswear,2257.6,3434.22,Colleen Rivera,Consumer,4.2,7712,,,Online,1,3395.0,423.03,2257.6,714.37,13.07,2971.9700000000003,UPI,0
23986,ORD-2022-015290,1,2022-06-12,2022,Q2,6,June,West,India,Maharashtra,Mumbai,Kidswear Shoulder 2,Apparel,Kidswear,2257.6,3434.22,Nicole Jones,Consumer,3.5,6741,,,Online,2,6811.59,856.43,4515.2,1439.96,12.3,5955.16,COD,0
27067,ORD-2022-017242,1,2022-04-08,2022,Q2,4,April,East,India,Odisha,Bhubaneswar,Kidswear Shoulder 2,Apparel,Kidswear,2257.6,3434.22,Rebecca Brooks,Consumer,4.7,5378,,,Marketplace,7,24108.21,3078.72,15803.2,5226.29,50.17,21029.489999999998,UPI,0
27291,ORD-2022-017379,1,2022-01-11,2022,Q1,1,January,West,India,Maharashtra,Pune,Kidswear Shoulder 2,Apparel,Kidswear,2257.6,3434.22,Stephanie Miller,Consumer,4.1,6830,Maria Dixon,73.0,Distributor,2,6900.32,636.12,4515.2,1749.0,12.63,6264.2,UPI,0
27817,ORD-2024-017697,1,2024-12-24,2024,Q4,12,December,East,India,West Bengal,Kolkata,Kidswear Shoulder 2,Apparel,Kidswear,2257.6,3434.22,Eric Walker,Corporate,4.4,3588,Eric Parker,87.0,Retail Store,1,3387.15,102.52,2257.6,1027.03,14.56,3284.63,Credit Card,0
30135,ORD-2023-019203,1,2023-02-12,2023,Q1,2,February,East,India,Bihar,Patna,Kidswear Shoulder 2,Apparel,Kidswear,2257.6,3434.22,Ricky Reid,Corporate,3.7,7705,Jill Stevens,44.0,Retail Store,1,3411.75,61.59,2257.6,1092.56,49.95,3350.16,UPI,0
30533,ORD-2023-019460,1,2023-11-15,2023,Q4,11,November,South,India,Karnataka,Bengaluru,Kidswear Shoulder 2,Apparel,Kidswear,2257.6,3434.22,Paul Lawrence,Corporate,3.1,705,Dean Evans,90.0,Online,1,3389.36,585.92,2257.6,545.84,17.15,2803.44,COD,0
31693,ORD-2025-020188,1,2025-06-28,2025,Q2,6,June,West,India,Gujarat,Ahmedabad,Kidswear Shoulder 2,Apparel,Kidswear,2257.6,3434.22,Stephanie Fields,Consumer,3.0,1568,Michelle Stevens,24.0,Retail Store,1,3463.61,167.17,2257.6,1038.84,35.24,3296.44,Credit Card,0
33617,ORD-2023-021451,1,2023-12-03,2023,Q4,12,December,Central,India,Chhattisgarh,Raipur,Kidswear Shoulder 2,Apparel,Kidswear,2257.6,3434.22,Amanda Thomas,SMB,3.7,1676,Jasmine Hahn,37.0,Retail Store,1,3489.72,195.76,2257.6,1036.36,42.28,3293.96,Credit Card,0
34379,ORD-2024-021929,1,2024-08-11,2024,Q3,8,August,Central,India,Madhya Pradesh,Bhopal,Kidswear Shoulder 2,Apparel,Kidswear,2257.6,3434.22,Wendy Wright,Consumer,3.5,2662,,,Online,4,13917.15,3053.21,9030.4,1833.54,46.01,10863.939999999999,UPI,0
38070,ORD-2023-024298,1,2023-05-09,2023,Q2,5,May,North,India,Rajasthan,Jaipur,Kidswear Shoulder 2,Apparel,Kidswear,2257.6,3434.22,Jennifer Nguyen,Consumer,3.1,5612,Felicia Matthews,43.0,Retail Store,3,10227.35,604.05,6772.8,2850.5,39.3,9623.300000000001,Net Banking,0
40979,ORD-2024-026163,2,2024-02-06,2024,Q1,2,February,South,India,Tamil Nadu,Chennai,Kidswear Shoulder 2,Apparel,Kidswear,2257.6,3434.22,Alexis Tucker,Consumer,3.3,1691,Jesse Yang,89.0,Retail Store,1,3432.09,132.61,2257.6,1041.88,13.3,3299.48,Credit Card,0
43701,ORD-2024-027942,3,2024-05-08,2024,Q2,5,May,Central,India,Madhya Pradesh,Bhopal,Kidswear Shoulder 2,Apparel,Kidswear,2257.6,3434.22,Heather Hernandez,Consumer,4.1,1796,,,Online,3,10290.17,1674.09,6772.8,1843.28,36.01,8616.08,UPI,0
47429,ORD-2022-030301,2,2022-04-30,2022,Q2,4,April,East,India,West Bengal,Kolkata,Kidswear Shoulder 2,Apparel,Kidswear,2257.6,3434.22,Samantha Howard,Consumer,5.0,1577,,,Online,4,13752.32,1159.49,9030.4,3562.43,11.42,12592.83,Credit Card,0
48836,ORD-2022-031207,1,2022-05-30,2022,Q2,5,May,West,India,Goa,Panaji,Kidswear Shoulder 2,Apparel,Kidswear,2257.6,3434.22,Danny Harris,Consumer,4.4,4569,Cindy Garza,88.0,Marketplace,3,10098.58,3091.58,6772.8,234.2,37.91,7007.0,UPI,0
49006,ORD-2025-031314,1,2025-08-18,2025,Q3,8,August,Central,India,Himachal Pradesh,Shimla,Kidswear Shoulder 2,Apparel,Kidswear,2257.6,3434.22,Julian Williams,Consumer,4.4,1809,,,Online,1,3389.69,818.66,2257.6,313.43,51.77,2571.03,UPI,0
49039,ORD-2025-031332,2,2025-12-20,2025,Q4,12,December,East,India,West Bengal,Kolkata,Kidswear Shoulder 2,Apparel,Kidswear,2257.6,3434.22,Earl Hall,Consumer,3.3,4318,Eric Parker,87.0,Retail Store,3,10430.38,138.52,6772.8,3519.06,15.11,10291.859999999999,UPI,1
50003,ORD-2025-031946,1,2025-09-27,2025,Q3,9,September,Central,India,Uttar Pradesh,Kanpur,Kidswear Shoulder 2,Apparel,Kidswear,2257.6,3434.22,Connie Robinson,Corporate,3.4,16,Jacqueline Ford,119.0,Distributor,1,3471.34,270.64,2257.6,943.1,43.88,3200.7000000000003,Credit Card,0
50159,ORD-2023-032038,3,2023-09-28,2023,Q3,9,September,South,India,Tamil Nadu,Chennai,Kidswear Shoulder 2,Apparel,Kidswear,2257.6,3434.22,Christopher Porter,Consumer,3.9,1697,,,Online,1,3396.98,235.77,2257.6,903.61,12.69,3161.21,Net Banking,0
50537,ORD-2023-032270,1,2023-02-13,2023,Q1,2,February,North,India,Delhi,New Delhi,Kidswear Shoulder 2,Apparel,Kidswear,2257.6,3434.22,Steven Perez,Consumer,3.8,6619,Alison Miller,19.0,Marketplace,1,3435.86,572.2,2257.6,606.06,16.5,2863.66,COD,0
53364,ORD-2025-034078,1,2025-12-25,2025,Q4,12,December,Central,India,Chhattisgarh,Raipur,Kidswear Shoulder 2,Apparel,Kidswear,2257.6,3434.22,David Mcdaniel,Consumer,4.6,1435,Nancy Hogan,54.0,Retail Store,2,6932.14,321.79,4515.2,2095.15,47.08,6610.35,UPI,0
55898,ORD-2025-035688,3,2025-06-03,2025,Q2,6,June,South,India,Telangana,Hyderabad,Kidswear Shoulder 2,Apparel,Kidswear,2257.6,3434.22,Debra Smith,Consumer,3.9,5108,,,Online,1,3428.48,207.04,2257.6,963.84,12.87,3221.44,UPI,0
55911,ORD-2022-035696,3,2022-06-06,2022,Q2,6,June,North,India,Punjab,Chandigarh,Kidswear Shoulder 2,Apparel,Kidswear,2257.6,3434.22,Brittany Heath,Consumer,5.0,3752,Alice May,79.0,Marketplace,1,3449.19,490.53,2257.6,701.06,41.39,2958.66,Credit Card,0
57982,ORD-2025-037055,1,2025-12-05,2025,Q4,12,December,West,India,Maharashtra,Mumbai,Kidswear Shoulder 2,Apparel,Kidswear,2257.6,3434.22,Robert Miller,Corporate,3.8,5862,Shannon Hernandez,23.0,Retail Store,2,6915.25,578.27,4515.2,1821.78,15.49,6336.98,Credit Card,0
58026,ORD-2025-037087,1,2025-07-29,2025,Q3,7,July,East,India,Assam,Guwahati,Kidswear Shoulder 2,Apparel,Kidswear,2257.6,3434.22,Brian Harris,Consumer,3.8,845,,,Online,1,3444.2,415.42,2257.6,771.18,43.26,3028.7799999999997,Credit Card,0
59071,ORD-2024-037761,1,2024-08-13,2024,Q3,8,August,Central,India,Uttar Pradesh,Kanpur,Kidswear Shoulder 2,Apparel,Kidswear,2257.6,3434.22,Stephen Lopez,Consumer,2.9,3655,Jacqueline Ford,119.0,Marketplace,3,10408.97,1169.76,6772.8,2466.41,40.05,9239.21,Wire Transfer,0
60078,ORD-2023-038400,1,2023-09-03,2023,Q3,9,September,West,India,Maharashtra,Mumbai,Kidswear Shoulder 2,Apparel,Kidswear,2257.6,3434.22,Katherine Taylor,SMB,3.4,647,Shawn Patel,86.0,Retail Store,1,3418.67,138.71,2257.6,1022.36,16.01,3279.96,COD,0
60110,ORD-2024-038422,1,2024-04-20,2024,Q2,4,April,North,India,Delhi,New Delhi,Kidswear Shoulder 2,Apparel,Kidswear,2257.6,3434.22,Daniel Mercer,SMB,4.3,3524,Alison Miller,19.0,Online,1,3449.51,242.53,2257.6,949.38,13.66,3206.98,Credit Card,0
62850,ORD-2022-040170,1,2022-11-25,2022,Q4,11,November,South,India,Telangana,Hyderabad,Kidswear Shoulder 2,Apparel,Kidswear,2257.6,3434.22,Jose Coleman,Consumer,3.7,7023,Jared Spence,78.0,Retail Store,3,10269.95,417.2,6772.8,3079.95,11.05,9852.75,UPI,0
63421,ORD-2023-040534,1,2023-11-06,2023,Q4,11,November,East,India,Odisha,Bhubaneswar,Kidswear Shoulder 2,Apparel,Kidswear,2257.6,3434.22,Anthony Gordon,SMB,3.7,7802,Suzanne Lambert,61.0,Retail Store,3,10410.37,612.3,6772.8,3025.27,38.15,9798.070000000002,Net Banking,0
64068,ORD-2022-040957,1,2022-09-11,2022,Q3,9,September,East,India,Assam,Guwahati,Kidswear Shoulder 2,Apparel,Kidswear,2257.6,3434.22,Amy Moore,Corporate,4.0,5432,Alison Delacruz,48.0,Retail Store,1,3395.35,28.27,2257.6,1109.48,43.22,3367.08,UPI,0
64633,ORD-2024-041322,4,2024-07-08,2024,Q3,7,July,South,India,Telangana,Hyderabad,Kidswear Shoulder 2,Apparel,Kidswear,2257.6,3434.22,Victoria King,Consumer,3.8,6346,,,Marketplace,1,3398.5,738.92,2257.6,401.98,14.02,2659.58,Credit Card,1
65534,ORD-2022-041905,1,2022-02-19,2022,Q1,2,February,South,India,Karnataka,Bengaluru,Kidswear Shoulder 2,Apparel,Kidswear,2257.6,3434.22,Christopher Wright,Consumer,3.4,2438,,,Online,1,3467.88,435.61,2257.6,774.67,17.16,3032.27,Credit Card,0
66453,ORD-2025-042470,2,2025-08-10,2025,Q3,8,August,South,India,Tamil Nadu,Chennai,Kidswear Shoulder 2,Apparel,Kidswear,2257.6,3434.22,Brian Lewis,Corporate,2.8,5434,Jesse Yang,89.0,Distributor,1,3474.64,420.76,2257.6,796.28,15.65,3053.88,UPI,0
69050,ORD-2024-044116,1,2024-02-23,2024,Q1,2,February,West,India,Maharashtra,Pune,Kidswear Shoulder 2,Apparel,Kidswear,2257.6,3434.22,Jessica Hoffman,Consumer,4.1,4748,Terri Davis,112.0,Distributor,3,10432.49,2165.24,6772.8,1494.45,13.46,8267.25,UPI,0
69427,ORD-2024-044344,2,2024-05-20,2024,Q2,5,May,West,India,Madhya Pradesh,Indore,Kidswear Shoulder 2,Apparel,Kidswear,2257.6,3434.22,Sherry Tapia,Consumer,2.4,756,,,Online,3,10253.94,858.71,6772.8,2622.43,48.39,9395.23,Credit Card,0
70253,ORD-2023-044872,4,2023-07-06,2023,Q3,7,July,West,India,Maharashtra,Pune,Kidswear Shoulder 2,Apparel,Kidswear,2257.6,3434.22,Debbie Carrillo,Corporate,3.6,6989,Rachel Castillo,94.0,Retail Store,1,3410.01,106.46,2257.6,1045.95,13.6,3303.55,Net Banking,1
70835,ORD-2022-045235,2,2022-02-09,2022,Q1,2,February,East,India,Jharkhand,Ranchi,Kidswear Shoulder 2,Apparel,Kidswear,2257.6,3434.22,Nicholas Lopez,Consumer,5.0,3416,,,Online,1,3404.74,437.1,2257.6,710.04,43.39,2967.64,COD,0
72120,ORD-2022-046059,1,2022-07-10,2022,Q3,7,July,Central,India,Uttar Pradesh,Kanpur,Kidswear Shoulder 2,Apparel,Kidswear,2257.6,3434.22,James Washington,Corporate,4.1,878,,,Online,4,13539.25,1179.53,9030.4,3329.32,34.68,12359.72,Credit Card,0
73639,ORD-2024-047032,1,2024-09-30,2024,Q3,9,September,Central,India,Uttarakhand,Dehradun,Kidswear Shoulder 2,Apparel,Kidswear,2257.6,3434.22,Ana Torres,Consumer,4.3,1903,Erik Williams,38.0,Retail Store,1,3502.12,674.8,2257.6,569.72,49.83,2827.3199999999997,COD,0
73792,ORD-2024-047128,1,2024-10-07,2024,Q4,10,October,South,India,Tamil Nadu,Chennai,Kidswear Shoulder 2,Apparel,Kidswear,2257.6,3434.22,Alexis Arroyo,Consumer,3.8,3587,,,Online,1,3462.76,380.96,2257.6,824.2,13.8,3081.8,Credit Card,0
75788,ORD-2022-048409,3,2022-05-08,2022,Q2,5,May,Central,India,Uttar Pradesh,Kanpur,Kidswear Shoulder 2,Apparel,Kidswear,2257.6,3434.22,Anna Jackson,Corporate,4.8,3334,Jeffery Davis,72.0,Distributor,1,3443.05,146.56,2257.6,1038.89,35.26,3296.4900000000002,Net Banking,0
76373,ORD-2025-048781,1,2025-07-06,2025,Q3,7,July,North,India,Haryana,Gurugram,Kidswear Shoulder 2,Apparel,Kidswear,2257.6,3434.22,Laura Griffin,Consumer,3.9,619,Latoya Fitzgerald,67.0,Retail Store,1,3464.06,21.9,2257.6,1184.56,51.35,3442.16,UPI,0
77440,ORD-2024-049463,1,2024-06-10,2024,Q2,6,June,West,India,Maharashtra,Mumbai,Kidswear Shoulder 2,Apparel,Kidswear,2257.6,3434.22,John Kemp,Consumer,4.0,7444,,,Online,1,3408.66,304.84,2257.6,846.22,16.85,3103.8199999999997,COD,0
77457,ORD-2024-049470,1,2024-02-05,2024,Q1,2,February,South,India,Telangana,Hyderabad,Kidswear Shoulder 2,Apparel,Kidswear,2257.6,3434.22,Kevin Alvarado,Consumer,5.0,1401,,,Online,1,3416.41,825.56,2257.6,333.25,15.41,2590.85,COD,0
77672,ORD-2025-049612,1,2025-10-21,2025,Q4,10,October,South,India,Karnataka,Bengaluru,Kidswear Shoulder 2,Apparel,Kidswear,2257.6,3434.22,Meagan Smith,Consumer,4.5,4119,Ryan Barrera,33.0,Online,3,10221.09,530.5,6772.8,2917.79,16.78,9690.59,Credit Card,0
78349,ORD-2024-050064,1,2024-04-13,2024,Q2,4,April,East,India,West Bengal,Kolkata,Kidswear Shoulder 2,Apparel,Kidswear,2257.6,3434.22,Sandra Rivera,Consumer,3.5,785,Eric Parker,87.0,Distributor,1,3460.12,294.33,2257.6,908.19,11.01,3165.79,Credit Card,0
79713,ORD-2025-050941,1,2025-04-03,2025,Q2,4,April,North,India,Delhi,New Delhi,Kidswear Shoulder 2,Apparel,Kidswear,2257.6,3434.22,April Finley,Consumer,2.7,1658,Alison Miller,19.0,Retail Store,1,3490.63,226.37,2257.6,1006.66,12.31,3264.26,Credit Card,1
81703,ORD-2023-052240,1,2023-09-14,2023,Q3,9,September,East,India,Jharkhand,Ranchi,Kidswear Shoulder 2,Apparel,Kidswear,2257.6,3434.22,Lindsey Robinson,Consumer,3.7,2585,,,Online,5,17309.24,1550.06,11288.0,4471.18,34.92,15759.180000000002,UPI,0
82083,ORD-2025-052479,1,2025-03-08,2025,Q1,3,March,East,India,West Bengal,Kolkata,Kidswear Shoulder 2,Apparel,Kidswear,2257.6,3434.22,Cynthia Moore,Corporate,3.8,108,,,Online,1,3403.37,453.9,2257.6,691.87,15.42,2949.47,Credit Card,0
82427,ORD-2024-052687,1,2024-05-28,2024,Q2,5,May,South,India,Karnataka,Bengaluru,Kidswear Shoulder 2,Apparel,Kidswear,2257.6,3434.22,David Yoder,Consumer,3.2,2372,,,Online,1,3431.78,489.15,2257.6,685.03,13.23,2942.63,UPI,0
82931,ORD-2025-053002,1,2025-05-27,2025,Q2,5,May,South,India,Karnataka,Bengaluru,Kidswear Shoulder 2,Apparel,Kidswear,2257.6,3434.22,Dawn Mullins,Consumer,3.9,334,Henry Parker,49.0,Retail Store,3,10501.48,237.6,6772.8,3491.08,11.15,10263.88,Net Banking,0
83058,ORD-2022-053082,2,2022-12-04,2022,Q4,12,December,South,India,Tamil Nadu,Chennai,Kidswear Shoulder 2,Apparel,Kidswear,2257.6,3434.22,Donald Fisher,Corporate,3.4,2247,,,Online,5,17296.46,2094.59,11288.0,3913.87,10.79,15201.869999999999,UPI,0
84062,ORD-2023-053716,2,2023-10-17,2023,Q4,10,October,South,India,Karnataka,Bengaluru,Kidswear Shoulder 2,Apparel,Kidswear,2257.6,3434.22,Gina Spencer,Consumer,2.9,2295,Henry Parker,49.0,Retail Store,1,3403.38,135.62,2257.6,1010.16,12.77,3267.76,Credit Card,0
85002,ORD-2022-054326,1,2022-11-02,2022,Q4,11,November,North,India,Punjab,Chandigarh,Kidswear Shoulder 2,Apparel,Kidswear,2257.6,3434.22,Wayne Weaver,Corporate,4.3,1763,,,Online,3,10455.91,1154.34,6772.8,2528.77,46.89,9301.57,UPI,0
85193,ORD-2022-054459,1,2022-11-19,2022,Q4,11,November,South,India,Andhra Pradesh,Visakhapatnam,Kidswear Shoulder 2,Apparel,Kidswear,2257.6,3434.22,Dawn Jones,Corporate,3.1,7567,Wendy Miller,68.0,Marketplace,3,10359.39,1611.57,6772.8,1975.02,48.01,8747.82,COD,0
86721,ORD-2022-055476,1,2022-01-22,2022,Q1,1,January,West,India,Maharashtra,Mumbai,Kidswear Shoulder 2,Apparel,Kidswear,2257.6,3434.22,Emma Butler,Consumer,3.7,515,Vanessa Boone,120.0,Retail Store,1,3491.2,240.42,2257.6,993.18,15.88,3250.7799999999997,UPI,0
88120,ORD-2023-056385,1,2023-10-28,2023,Q4,10,October,West,India,Maharashtra,Pune,Kidswear Shoulder 2,Apparel,Kidswear,2257.6,3434.22,Ashley Simpson,Corporate,3.5,7959,Robin Baker,40.0,Distributor,1,3420.0,115.14,2257.6,1047.26,16.92,3304.86,UPI,0
88765,ORD-2023-056805,1,2023-10-24,2023,Q4,10,October,South,India,Karnataka,Bengaluru,Kidswear Shoulder 2,Apparel,Kidswear,2257.6,3434.22,Michael Stevens,Corporate,3.8,6889,,,Marketplace,5,17050.11,1729.13,11288.0,4032.98,11.93,15320.98,Credit Card,0
88881,ORD-2022-056872,1,2022-01-10,2022,Q1,1,January,West,India,Maharashtra,Pune,Kidswear Shoulder 2,Apparel,Kidswear,2257.6,3434.22,Justin Brooks,SMB,4.1,2342,Maria Dixon,73.0,Online,3,10341.67,1260.72,6772.8,2308.15,11.78,9080.95,COD,0
93854,ORD-2023-060111,1,2023-01-21,2023,Q1,1,January,South,India,Tamil Nadu,Chennai,Kidswear Shoulder 2,Apparel,Kidswear,2257.6,3434.22,Gerald Vega,SMB,3.2,4224,,,Online,2,6899.64,1309.78,4515.2,1074.66,14.19,5589.860000000001,COD,0
95533,ORD-2023-061191,1,2023-11-19,2023,Q4,11,November,South,India,Karnataka,Bengaluru,Kidswear Shoulder 2,Apparel,Kidswear,2257.6,3434.22,Michelle Ryan,Consumer,3.7,6251,,,Online,1,3398.9,437.44,2257.6,703.86,12.05,2961.46,Net Banking,0
96084,ORD-2024-061521,1,2024-11-10,2024,Q4,11,November,Central,India,Madhya Pradesh,Bhopal,Kidswear Shoulder 2,Apparel,Kidswear,2257.6,3434.22,Karl Moore,Consumer,2.8,6146,Christopher Bolton,108.0,Distributor,1,3414.27,394.92,2257.6,761.75,46.26,3019.35,Wire Transfer,0
96674,ORD-2022-061885,1,2022-07-27,2022,Q3,7,July,South,India,Telangana,Hyderabad,Kidswear Shoulder 2,Apparel,Kidswear,2257.6,3434.22,Dawn Wyatt,Corporate,3.2,1179,,,Online,4,13478.81,1258.85,9030.4,3189.56,10.76,12219.96,Credit Card,0
96783,ORD-2024-061951,2,2024-07-27,2024,Q3,7,July,South,India,Karnataka,Bengaluru,Kidswear Shoulder 2,Apparel,Kidswear,2257.6,3434.22,Jim Rodriguez,Consumer,4.6,3745,,,Online,1,3456.36,454.53,2257.6,744.23,17.14,3001.83,COD,0
97880,ORD-2024-062666,1,2024-09-09,2024,Q3,9,September,West,India,Maharashtra,Pune,Kidswear Shoulder 2,Apparel,Kidswear,2257.6,3434.22,Emily Parker,Consumer,3.2,7090,Maria Dixon,73.0,Retail Store,4,13699.24,2686.57,9030.4,1982.27,14.45,11012.67,Credit Card,0
99030,ORD-2022-063430,1,2022-05-09,2022,Q2,5,May,South,India,Telangana,Hyderabad,Kidswear Shoulder 2,Apparel,Kidswear,2257.6,3434.22,Krista Gibson,Consumer,3.9,100,Jared Spence,78.0,Retail Store,1,3457.01,75.33,2257.6,1124.08,13.54,3381.6800000000003,Credit Card,0
99796,ORD-2025-063900,2,2025-05-31,2025,Q2,5,May,East,India,Assam,Guwahati,Kidswear Shoulder 2,Apparel,Kidswear,2257.6,3434.22,Emily Reed,SMB,3.0,1277,James Rivas,13.0,Retail Store,2,6916.24,278.02,4515.2,2123.02,34.17,6638.219999999999,UPI,0
100761,ORD-2023-064535,1,2023-02-13,2023,Q1,2,February,West,India,Maharashtra,Pune,Kidswear Shoulder 2,Apparel,Kidswear,2257.6,3434.22,Brian Mendoza,Consumer,2.7,1750,Robin Baker,40.0,Retail Store,1,3499.83,123.99,2257.6,1118.24,12.47,3375.84,Credit Card,0
100986,ORD-2023-064683,2,2023-02-02,2023,Q1,2,February,South,India,Kerala,Kochi,Kidswear Shoulder 2,Apparel,Kidswear,2257.6,3434.22,Katherine Klein,Consumer,4.3,2082,Jessica Lane,20.0,Distributor,1,3500.14,851.43,2257.6,391.11,46.2,2648.71,Credit Card,0
105187,ORD-2024-067343,2,2024-08-29,2024,Q3,8,August,North,India,Delhi,New Delhi,Kidswear Shoulder 2,Apparel,Kidswear,2257.6,3434.22,Lee Rivera,Consumer,3.8,5986,Alison Miller,19.0,Distributor,1,3482.35,105.6,2257.6,1119.15,13.17,3376.75,Net Banking,0
105809,ORD-2025-067734,1,2025-11-27,2025,Q4,11,November,Central,India,Uttarakhand,Dehradun,Kidswear Shoulder 2,Apparel,Kidswear,2257.6,3434.22,Sharon Reynolds,Consumer,5.0,6248,David Mitchell,42.0,Retail Store,1,3368.74,131.89,2257.6,979.25,40.41,3236.85,UPI,1
106824,ORD-2023-068364,1,2023-10-06,2023,Q4,10,October,South,India,Tamil Nadu,Chennai,Kidswear Shoulder 2,Apparel,Kidswear,2257.6,3434.22,Nicole Smith,Consumer,3.4,7954,Olivia Russell,16.0,Online,5,16855.75,1165.96,11288.0,4401.79,11.22,15689.79,Net Banking,0
107231,ORD-2022-068644,2,2022-07-23,2022,Q3,7,July,South,India,Kerala,Kochi,Kidswear Shoulder 2,Apparel,Kidswear,2257.6,3434.22,Justin Bennett,Consumer,3.4,3379,,,Marketplace,5,17417.34,2382.85,11288.0,3746.49,42.67,15034.49,Net Banking,0
108466,ORD-2024-069448,3,2024-12-06,2024,Q4,12,December,West,India,Madhya Pradesh,Indore,Kidswear Shoulder 2,Apparel,Kidswear,2257.6,3434.22,Sherry Tapia,Consumer,2.4,756,,,Marketplace,2,6881.93,2595.54,4515.2,-228.81,34.68,4286.39,Net Banking,1
109543,ORD-2023-070135,2,2023-07-19,2023,Q3,7,July,South,India,Kerala,Kochi,Kidswear Shoulder 2,Apparel,Kidswear,2257.6,3434.22,Mr. Edward Terry,Consumer,5.0,1322,Douglas Fuller,28.0,Retail Store,3,10239.16,137.3,6772.8,3329.06,43.79,10101.86,Wire Transfer,1
111637,ORD-2024-071475,1,2024-06-25,2024,Q2,6,June,East,India,West Bengal,Kolkata,Kidswear Shoulder 2,Apparel,Kidswear,2257.6,3434.22,Nathaniel Baldwin,Consumer,4.0,4209,,,Online,1,3401.0,293.89,2257.6,849.51,13.47,3107.11,Credit Card,0
112097,ORD-2025-071760,2,2025-04-07,2025,Q2,4,April,East,India,Assam,Guwahati,Kidswear Shoulder 2,Apparel,Kidswear,2257.6,3434.22,Matthew Davis,Corporate,4.1,1735,Michelle Stevens,24.0,Online,2,6949.7,971.46,4515.2,1463.04,35.17,5978.24,UPI,0
112254,ORD-2023-071852,2,2023-02-01,2023,Q1,2,February,North,India,Uttar Pradesh,Lucknow,Kidswear Shoulder 2,Apparel,Kidswear,2257.6,3434.22,Candice Gomez,Consumer,5.0,2646,Maria Williams,53.0,Distributor,2,6963.39,2225.41,4515.2,222.78,42.04,4737.9800000000005,Credit Card,0
112754,ORD-2023-072171,3,2023-05-12,2023,Q2,5,May,West,India,Maharashtra,Pune,Kidswear Shoulder 2,Apparel,Kidswear,2257.6,3434.22,Rebecca Brown,Consumer,4.1,2014,,,Marketplace,1,3373.37,418.12,2257.6,697.65,12.45,2955.25,Credit Card,0
113116,ORD-2022-072411,1,2022-08-24,2022,Q3,8,August,West,India,Maharashtra,Pune,Kidswear Shoulder 2,Apparel,Kidswear,2257.6,3434.22,Katherine Andrews,Consumer,2.8,3663,,,Online,1,3404.43,470.78,2257.6,676.05,16.89,2933.6499999999996,COD,0
114905,ORD-2023-073566,2,2023-10-07,2023,Q4,10,October,North,India,Delhi,New Delhi,Kidswear Shoulder 2,Apparel,Kidswear,2257.6,3434.22,Susan Figueroa,Consumer,3.5,4840,,,Online,1,3378.21,416.06,2257.6,704.55,14.67,2962.15,Net Banking,1
115267,ORD-2025-073806,2,2025-02-12,2025,Q1,2,February,East,India,Odisha,Bhubaneswar,Kidswear Shoulder 2,Apparel,Kidswear,2257.6,3434.22,Keith Knox,Consumer,4.0,937,Danielle Lucas,15.0,Retail Store,4,13994.7,138.39,9030.4,4825.91,39.82,13856.310000000001,UPI,0
121395,ORD-2024-077714,1,2024-02-21,2024,Q1,2,February,East,India,West Bengal,Kolkata,Kidswear Shoulder 2,Apparel,Kidswear,2257.6,3434.22,Donna Williams,Consumer,4.1,1913,Noah Briggs,64.0,Retail Store,7,24040.01,1367.54,15803.2,6869.27,11.51,22672.469999999998,Credit Card,0
123462,ORD-2024-079022,2,2024-10-01,2024,Q4,10,October,East,India,Bihar,Patna,Kidswear Shoulder 2,Apparel,Kidswear,2257.6,3434.22,Kim Williams,Consumer,3.7,7637,Jill Stevens,44.0,Distributor,2,6976.95,461.42,4515.2,2000.33,34.6,6515.53,COD,0
124601,ORD-2025-079749,3,2025-12-09,2025,Q4,12,December,South,India,Tamil Nadu,Chennai,Kidswear Shoulder 2,Apparel,Kidswear,2257.6,3434.22,Maria Valenzuela,SMB,3.3,3420,,,Online,3,10202.35,986.99,6772.8,2442.56,14.83,9215.36,Credit Card,0
126820,ORD-2025-081182,4,2025-11-18,2025,Q4,11,November,East,India,Assam,Guwahati,Kidswear Shoulder 2,Apparel,Kidswear,2257.6,3434.22,Tony Smith,Corporate,4.1,2800,Danielle Lucas,15.0,Retail Store,1,3366.05,330.88,2257.6,777.57,51.96,3035.17,UPI,1
126897,ORD-2024-081226,3,2024-12-25,2024,Q4,12,December,East,India,West Bengal,Kolkata,Kidswear Shoulder 2,Apparel,Kidswear,2257.6,3434.22,Joseph Cruz Jr.,Consumer,3.8,4884,,,Marketplace,3,10230.64,1635.72,6772.8,1822.12,11.17,8594.92,Net Banking,0
104,ORD-2023-000073,1,2023-04-10,2023,Q2,4,April,South,India,Andhra Pradesh,Visakhapatnam,Mobile Arm 3,Electronics,Mobiles,26804.27,31521.39,Mariah Perry,Corporate,4.0,4508,Yvonne Patterson,12.0,Online,1,31536.5,5332.36,26804.27,-600.13,70.82,26204.14,Credit Card,0
234,ORD-2022-000155,2,2022-08-05,2022,Q3,8,August,West,India,Maharashtra,Mumbai,Mobile Arm 3,Electronics,Mobiles,26804.27,31521.39,Kirk Carter,Consumer,3.9,80,Shawn Patel,86.0,Retail Store,3,93461.92,0.0,80412.81,13049.11,19.6,93461.92,Credit Card,0
288,ORD-2022-000184,2,2022-09-13,2022,Q3,9,September,North,India,Haryana,Gurugram,Mobile Arm 3,Electronics,Mobiles,26804.27,31521.39,Jeffrey Hall,Consumer,4.0,4297,Latoya Fitzgerald,67.0,Retail Store,1,31553.34,2708.49,26804.27,2040.58,61.13,28844.85,Net Banking,0
529,ORD-2023-000342,2,2023-12-17,2023,Q4,12,December,South,India,Telangana,Hyderabad,Mobile Arm 3,Electronics,Mobiles,26804.27,31521.39,Sylvia Anderson,Corporate,4.2,2826,,,Online,1,31640.08,3489.73,26804.27,1346.08,19.56,28150.350000000002,UPI,0
2430,ORD-2025-001574,1,2025-05-08,2025,Q2,5,May,South,India,Karnataka,Bengaluru,Mobile Arm 3,Electronics,Mobiles,26804.27,31521.39,Joseph Patel,Consumer,5.0,5171,,,Marketplace,1,32113.44,6207.27,26804.27,-898.1,21.07,25906.17,Net Banking,0
2773,ORD-2022-001778,3,2022-01-19,2022,Q1,1,January,North,India,Haryana,Gurugram,Mobile Arm 3,Electronics,Mobiles,26804.27,31521.39,Mitchell Sellers,Consumer,3.6,813,Nicole Lewis,27.0,Distributor,1,31889.94,2767.83,26804.27,2317.84,71.22,29122.11,UPI,1
3056,ORD-2025-001969,3,2025-03-17,2025,Q1,3,March,South,India,Tamil Nadu,Chennai,Mobile Arm 3,Electronics,Mobiles,26804.27,31521.39,Joshua White,SMB,4.7,4980,Dylan Baker,56.0,Online,4,128542.86,12547.95,107217.08,8777.83,21.93,115994.91,Credit Card,0
3554,ORD-2022-002270,2,2022-04-30,2022,Q2,4,April,North,India,Haryana,Gurugram,Mobile Arm 3,Electronics,Mobiles,26804.27,31521.39,Jason Garcia,SMB,3.3,6761,,,Online,1,31699.56,1822.48,26804.27,3072.81,70.68,29877.08,Net Banking,1
4791,ORD-2024-003022,1,2024-01-12,2024,Q1,1,January,West,India,Gujarat,Ahmedabad,Mobile Arm 3,Electronics,Mobiles,26804.27,31521.39,Cameron West,Consumer,4.2,7486,Stephen Shaw,69.0,Marketplace,3,94781.97,17009.22,80412.81,-2640.06,54.51,77772.75,Credit Card,0
5467,ORD-2024-003453,1,2024-05-06,2024,Q2,5,May,North,India,Rajasthan,Jaipur,Mobile Arm 3,Electronics,Mobiles,26804.27,31521.39,Mrs. Bethany Phillips,Corporate,3.1,1575,,,Online,3,94400.26,9982.52,80412.81,4004.93,52.59,84417.73999999999,COD,0
6040,ORD-2023-003823,1,2023-03-23,2023,Q1,3,March,South,India,Tamil Nadu,Chennai,Mobile Arm 3,Electronics,Mobiles,26804.27,31521.39,Anthony Everett,Corporate,3.9,69,,,Online,1,31307.23,2627.95,26804.27,1875.01,20.78,28679.28,Credit Card,0
6236,ORD-2025-003947,1,2025-01-10,2025,Q1,1,January,South,India,Tamil Nadu,Chennai,Mobile Arm 3,Electronics,Mobiles,26804.27,31521.39,Mrs. Amy Sharp,Corporate,2.1,6882,Jesse Yang,89.0,Online,1,32126.35,6278.06,26804.27,-955.98,22.82,25848.289999999997,COD,0
6393,ORD-2022-004052,2,2022-05-25,2022,Q2,5,May,East,India,West Bengal,Kolkata,Mobile Arm 3,Electronics,Mobiles,26804.27,31521.39,Theresa Wilson,Consumer,3.5,5621,,,Online,3,96131.36,10237.22,80412.81,5481.33,27.29,85894.14,COD,0
6722,ORD-2024-004253,1,2024-12-17,2024,Q4,12,December,West,India,Maharashtra,Mumbai,Mobile Arm 3,Electronics,Mobiles,26804.27,31521.39,Mary Smith,Consumer,4.0,4860,,,Marketplace,2,62689.32,11144.83,53608.54,-2064.05,21.98,51544.49,Credit Card,0
7321,ORD-2025-004638,1,2025-03-13,2025,Q1,3,March,South,India,Telangana,Hyderabad,Mobile Arm 3,Electronics,Mobiles,26804.27,31521.39,David Lopez,Corporate,3.6,461,Erin Aguirre,109.0,Retail Store,1,31738.71,1926.45,26804.27,3007.99,20.44,29812.26,Wire Transfer,0
7792,ORD-2022-004935,3,2022-08-05,2022,Q3,8,August,South,India,Telangana,Hyderabad,Mobile Arm 3,Electronics,Mobiles,26804.27,31521.39,Lisa Ochoa,Consumer,3.1,5264,,,Online,12,377701.65,48597.39,321651.24,7453.02,27.84,329104.26,COD,0
7935,ORD-2025-005032,1,2025-06-07,2025,Q2,6,June,North,India,Rajasthan,Jaipur,Mobile Arm 3,Electronics,Mobiles,26804.27,31521.39,Heather Wolf,Consumer,4.3,5452,Andrea Brown,85.0,Retail Store,1,31946.65,758.54,26804.27,4383.84,63.06,31188.11,Wire Transfer,0
8188,ORD-2025-005200,1,2025-06-03,2025,Q2,6,June,North,India,Delhi,New Delhi,Mobile Arm 3,Electronics,Mobiles,26804.27,31521.39,Jacob Hoover,Consumer,3.7,4168,Alison Miller,19.0,Distributor,2,62570.96,5160.7,53608.54,3801.72,22.43,57410.26,Credit Card,0
8287,ORD-2023-005261,1,2023-12-14,2023,Q4,12,December,South,India,Karnataka,Bengaluru,Mobile Arm 3,Electronics,Mobiles,26804.27,31521.39,Nicolas James,Consumer,2.8,1445,Ryan Barrera,33.0,Online,3,94593.73,8620.31,80412.81,5560.61,27.61,85973.42,COD,0
8347,ORD-2024-005303,2,2024-01-01,2024,Q1,1,January,Central,India,Uttarakhand,Dehradun,Mobile Arm 3,Electronics,Mobiles,26804.27,31521.39,Cristian Mendoza,Consumer,4.8,2650,Gregory Smith,18.0,Distributor,1,31671.62,3133.83,26804.27,1733.52,55.43,28537.79,COD,0
8576,ORD-2022-005447,1,2022-01-03,2022,Q1,1,January,North,India,Punjab,Chandigarh,Mobile Arm 3,Electronics,Mobiles,26804.27,31521.39,Dr. Isabel Smith PhD,Corporate,2.8,3956,,,Marketplace,1,31971.32,3770.74,26804.27,1396.31,83.08,28200.58,COD,0
8812,ORD-2024-005605,1,2024-09-04,2024,Q3,9,September,North,India,Rajasthan,Jaipur,Mobile Arm 3,Electronics,Mobiles,26804.27,31521.39,Joseph Cooper,Consumer,4.4,3032,Felicia Matthews,43.0,Retail Store,7,223952.74,14334.05,187629.89,21988.8,68.54,209618.69,Credit Card,0
9096,ORD-2022-005780,3,2022-04-04,2022,Q2,4,April,East,India,Assam,Guwahati,Mobile Arm 3,Electronics,Mobiles,26804.27,31521.39,Andrew Johnson,Corporate,4.6,3140,Nicole Baker,6.0,Online,2,64046.37,7296.33,53608.54,3141.5,79.41,56750.04,Credit Card,0
10194,ORD-2023-006478,3,2023-07-19,2023,Q3,7,July,West,India,Maharashtra,Pune,Mobile Arm 3,Electronics,Mobiles,26804.27,31521.39,Katherine Andrews,Consumer,2.8,3663,,,Online,4,127297.12,41085.33,107217.08,-21005.29,20.27,86211.79,UPI,0
10751,ORD-2024-006819,3,2024-12-03,2024,Q4,12,December,South,India,Kerala,Kochi,Mobile Arm 3,Electronics,Mobiles,26804.27,31521.39,Joseph Schaefer,Corporate,3.4,3792,Raymond Brooks III,41.0,Marketplace,4,125694.43,13907.92,107217.08,4569.43,55.34,111786.51,UPI,0
10824,ORD-2025-006865,1,2025-05-27,2025,Q2,5,May,South,India,Kerala,Kochi,Mobile Arm 3,Electronics,Mobiles,26804.27,31521.39,Jacob Williams,Corporate,3.4,1135,,,Online,4,124075.38,18018.0,107217.08,-1159.7,76.36,106057.38,UPI,1
11674,ORD-2025-007417,2,2025-07-01,2025,Q3,7,July,West,India,Gujarat,Ahmedabad,Mobile Arm 3,Electronics,Mobiles,26804.27,31521.39,Michael Bowen,Corporate,4.3,846,,,Online,3,93430.04,12700.24,80412.81,316.99,77.45,80729.79999999999,UPI,0
11919,ORD-2022-007575,1,2022-07-18,2022,Q3,7,July,South,India,Karnataka,Bengaluru,Mobile Arm 3,Electronics,Mobiles,26804.27,31521.39,Micheal Green,Corporate,3.6,5154,,,Online,3,94449.81,11227.84,80412.81,2809.16,17.71,83221.97,Credit Card,0
12131,ORD-2024-007719,2,2024-11-09,2024,Q4,11,November,South,India,Andhra Pradesh,Visakhapatnam,Mobile Arm 3,Electronics,Mobiles,26804.27,31521.39,Karen Cruz,Consumer,3.2,5917,Angela Craig,99.0,Distributor,2,64215.03,1779.18,53608.54,8827.31,64.2,62435.85,COD,0
12684,ORD-2023-008071,2,2023-12-08,2023,Q4,12,December,North,India,Delhi,New Delhi,Mobile Arm 3,Electronics,Mobiles,26804.27,31521.39,Daniel James,Corporate,3.8,3689,Alison Miller,19.0,Retail Store,2,63246.98,0.0,53608.54,9638.44,21.37,63246.98,Credit Card,0
12809,ORD-2024-008148,3,2024-10-02,2024,Q4,10,October,South,India,Tamil Nadu,Chennai,Mobile Arm 3,Electronics,Mobiles,26804.27,31521.39,Jennifer Johnson DVM,Consumer,4.1,6738,,,Online,1,31366.55,2863.55,26804.27,1698.73,22.23,28503.0,COD,0
12876,ORD-2023-008196,1,2023-11-24,2023,Q4,11,November,South,India,Telangana,Hyderabad,Mobile Arm 3,Electronics,Mobiles,26804.27,31521.39,Maria Weaver,Consumer,3.6,5925,,,Online,6,186201.11,51412.28,160825.62,-26036.79,18.65,134788.83,Credit Card,0
13106,ORD-2022-008351,2,2022-07-17,2022,Q3,7,July,South,India,Karnataka,Bengaluru,Mobile Arm 3,Electronics,Mobiles,26804.27,31521.39,Catherine Davis,Consumer,4.5,926,,,Online,1,31621.55,1811.07,26804.27,3006.21,20.14,29810.48,Credit Card,0
13268,ORD-2022-008446,2,2022-07-31,2022,Q3,7,July,North,India,Rajasthan,Jaipur,Mobile Arm 3,Electronics,Mobiles,26804.27,31521.39,Arthur Golden,Corporate,4.1,7174,Andrea Brown,85.0,Distributor,2,63600.69,5182.52,53608.54,4809.63,70.49,58418.17,Net Banking,0
13273,ORD-2022-008449,1,2022-03-22,2022,Q1,3,March,North,India,Rajasthan,Jaipur,Mobile Arm 3,Electronics,Mobiles,26804.27,31521.39,Terri Pennington,Consumer,5.0,7355,Roger Johnson,45.0,Distributor,1,30981.19,2534.21,26804.27,1642.71,62.41,28446.98,COD,0
14355,ORD-2025-009147,1,2025-11-29,2025,Q4,11,November,North,India,Delhi,New Delhi,Mobile Arm 3,Electronics,Mobiles,26804.27,31521.39,Kenneth Brown,Consumer,3.4,1152,Alison Miller,19.0,Retail Store,4,126783.96,6188.91,107217.08,13377.97,23.89,120595.05,Credit Card,0
14378,ORD-2024-009162,1,2024-05-05,2024,Q2,5,May,North,India,Delhi,New Delhi,Mobile Arm 3,Electronics,Mobiles,26804.27,31521.39,Richard Mccormick,Consumer,4.0,3589,Alison Miller,19.0,Retail Store,1,30906.67,4091.21,26804.27,11.19,26.15,26815.46,Credit Card,0
14912,ORD-2024-009488,1,2024-05-20,2024,Q2,5,May,East,India,Jharkhand,Ranchi,Mobile Arm 3,Electronics,Mobiles,26804.27,31521.39,Aaron Scott,Consumer,3.2,6179,,,Online,1,31639.31,7760.76,26804.27,-2925.72,58.21,23878.550000000003,Credit Card,0
15958,ORD-2022-010159,1,2022-06-26,2022,Q2,6,June,North,India,Delhi,New Delhi,Mobile Arm 3,Electronics,Mobiles,26804.27,31521.39,Kimberly Mitchell,Consumer,4.0,4656,Alison Miller,19.0,Online,1,31888.13,2420.78,26804.27,2663.08,26.49,29467.350000000002,Net Banking,0
16193,ORD-2024-010308,1,2024-01-26,2024,Q1,1,January,South,India,Telangana,Hyderabad,Mobile Arm 3,Electronics,Mobiles,26804.27,31521.39,Natalie Malone,Consumer,3.6,889,,,Online,1,32063.51,994.24,26804.27,4265.0,21.15,31069.269999999997,UPI,0
16982,ORD-2024-010816,1,2024-08-08,2024,Q3,8,August,South,India,Kerala,Kochi,Mobile Arm 3,Electronics,Mobiles,26804.27,31521.39,John Valenzuela,Consumer,3.8,2220,Jose Smith,1.0,Distributor,3,95064.15,21231.0,80412.81,-6579.66,67.12,73833.15,Net Banking,0
18347,ORD-2023-011719,1,2023-06-08,2023,Q2,6,June,Central,India,Uttar Pradesh,Kanpur,Mobile Arm 3,Electronics,Mobiles,26804.27,31521.39,Jennifer James,Consumer,3.3,961,Joseph Blevins,113.0,Retail Store,5,158554.53,8445.12,134021.35,16088.06,66.37,150109.41,Credit Card,0
18539,ORD-2022-011839,1,2022-05-30,2022,Q2,5,May,East,India,Assam,Guwahati,Mobile Arm 3,Electronics,Mobiles,26804.27,31521.39,Rebecca Kaufman DDS,SMB,3.1,3554,Michelle Hall,30.0,Distributor,2,62096.53,2251.87,53608.54,6236.12,64.29,59844.659999999996,Credit Card,1
18938,ORD-2024-012097,2,2024-11-08,2024,Q4,11,November,South,India,Karnataka,Bengaluru,Mobile Arm 3,Electronics,Mobiles,26804.27,31521.39,Jeremy Scott,Consumer,4.2,441,Henry Parker,49.0,Retail Store,1,32089.68,2081.84,26804.27,3203.57,20.95,30007.84,Net Banking,0
19478,ORD-2023-012452,1,2023-05-05,2023,Q2,5,May,Central,India,Uttarakhand,Dehradun,Mobile Arm 3,Electronics,Mobiles,26804.27,31521.39,Anna Walker,Consumer,3.8,1068,,,Online,1,31568.61,3590.21,26804.27,1174.13,61.75,27978.4,Net Banking,1
19620,ORD-2022-012550,1,2022-04-13,2022,Q2,4,April,South,India,Kerala,Kochi,Mobile Arm 3,Electronics,Mobiles,26804.27,31521.39,Jennifer Cummings,Consumer,4.0,6639,,,Online,1,31000.52,2830.47,26804.27,1365.78,56.23,28170.05,Net Banking,0
19706,ORD-2025-012605,1,2025-05-06,2025,Q2,5,May,North,India,Delhi,New Delhi,Mobile Arm 3,Electronics,Mobiles,26804.27,31521.39,Claire Mcintosh,Consumer,3.5,7662,,,Marketplace,4,123915.52,17462.36,107217.08,-763.92,20.44,106453.16,COD,0
19869,ORD-2024-012702,1,2024-09-25,2024,Q3,9,September,East,India,Odisha,Bhubaneswar,Mobile Arm 3,Electronics,Mobiles,26804.27,31521.39,Robert Smith,Consumer,3.6,3038,,,Online,3,94327.67,9030.18,80412.81,4884.68,82.96,85297.48999999999,UPI,0
20186,ORD-2023-012889,2,2023-08-07,2023,Q3,8,August,South,India,Andhra Pradesh,Visakhapatnam,Mobile Arm 3,Electronics,Mobiles,26804.27,31521.39,Paul Massey,Corporate,3.9,3412,,,Marketplace,3,92885.11,11805.0,80412.81,667.3,60.65,81080.11,Net Banking,0
20370,ORD-2023-013011,1,2023-08-14,2023,Q3,8,August,North,India,Uttar Pradesh,Lucknow,Mobile Arm 3,Electronics,Mobiles,26804.27,31521.39,Luke Solomon,Consumer,4.3,1994,,,Marketplace,4,128098.9,27210.18,107217.08,-6328.36,71.3,100888.72,Net Banking,0
20962,ORD-2025-013385,1,2025-11-19,2025,Q4,11,November,Central,India,Himachal Pradesh,Shimla,Mobile Arm 3,Electronics,Mobiles,26804.27,31521.39,Allison Cunningham,Consumer,3.1,5090,,,Online,1,32070.72,1795.59,26804.27,3470.86,54.57,30275.13,COD,0
21236,ORD-2023-013548,1,2023-01-22,2023,Q1,1,January,South,India,Tamil Nadu,Chennai,Mobile Arm 3,Electronics,Mobiles,26804.27,31521.39,Alexis Wells,Consumer,4.6,5241,Garrett Thomas,26.0,Retail Store,1,31782.9,3115.73,26804.27,1862.9,18.97,28667.170000000002,COD,0
21308,ORD-2023-013592,1,2023-04-18,2023,Q2,4,April,East,India,West Bengal,Kolkata,Mobile Arm 3,Electronics,Mobiles,26804.27,31521.39,Hunter Robinson,Consumer,4.1,2392,Diane Smith,92.0,Retail Store,1,30948.0,274.72,26804.27,3869.01,17.51,30673.28,Net Banking,0
21320,ORD-2022-013601,1,2022-06-25,2022,Q2,6,June,West,India,Maharashtra,Pune,Mobile Arm 3,Electronics,Mobiles,26804.27,31521.39,Mrs. Laurie Williams MD,SMB,2.8,4050,Michael Gibbs,4.0,Retail Store,2,62031.79,0.0,53608.54,8423.25,22.18,62031.79,Wire Transfer,0
21453,ORD-2025-013683,1,2025-06-15,2025,Q2,6,June,North,India,Delhi,New Delhi,Mobile Arm 3,Electronics,Mobiles,26804.27,31521.39,Kevin Fernandez,Corporate,3.9,6747,Alison Miller,19.0,Retail Store,2,62267.96,1506.92,53608.54,7152.5,27.0,60761.04,Net Banking,0
22455,ORD-2022-014324,2,2022-06-10,2022,Q2,6,June,West,India,Maharashtra,Mumbai,Mobile Arm 3,Electronics,Mobiles,26804.27,31521.39,Daniel Brown,Consumer,3.9,665,,,Online,3,94871.59,13147.37,80412.81,1311.41,20.12,81724.22,Credit Card,0
22868,ORD-2023-014577,1,2023-06-03,2023,Q2,6,June,South,India,Telangana,Hyderabad,Mobile Arm 3,Electronics,Mobiles,26804.27,31521.39,Tiffany Hood,Consumer,3.8,2027,,,Marketplace,1,32021.16,6236.84,26804.27,-1019.95,21.32,25784.32,Credit Card,0
22887,ORD-2024-014591,1,2024-08-09,2024,Q3,8,August,South,India,Tamil Nadu,Chennai,Mobile Arm 3,Electronics,Mobiles,26804.27,31521.39,Jared Madden,Consumer,3.8,6005,Dylan Baker,56.0,Distributor,1,31313.54,4215.86,26804.27,293.41,27.86,27097.68,COD,0
23238,ORD-2023-014808,1,2023-10-20,2023,Q4,10,October,West,India,Maharashtra,Mumbai,Mobile Arm 3,Electronics,Mobiles,26804.27,31521.39,Brandy Lopez,Consumer,3.0,7762,,,Online,2,64102.68,8753.42,53608.54,1740.72,27.23,55349.26,COD,0
23261,ORD-2022-014820,2,2022-01-24,2022,Q1,1,January,North,India,Uttar Pradesh,Lucknow,Mobile Arm 3,Electronics,Mobiles,26804.27,31521.39,Monica Miller,Consumer,4.1,340,Susan Melendez,39.0,Distributor,1,32130.26,2161.1,26804.27,3164.89,75.86,29969.16,UPI,0
23738,ORD-2024-015118,2,2024-01-22,2024,Q1,1,January,East,India,Odisha,Bhubaneswar,Mobile Arm 3,Electronics,Mobiles,26804.27,31521.39,Miranda Murray,Consumer,3.9,2339,Suzanne Lambert,61.0,Distributor,1,31524.48,1855.87,26804.27,2864.34,76.06,29668.61,UPI,0
23948,ORD-2023-015264,1,2023-12-01,2023,Q4,12,December,South,India,Tamil Nadu,Chennai,Mobile Arm 3,Electronics,Mobiles,26804.27,31521.39,Maria Valenzuela,SMB,3.3,3420,,,Online,1,31233.85,5652.76,26804.27,-1223.18,21.64,25581.089999999997,Net Banking,0
24304,ORD-2024-015487,1,2024-12-03,2024,Q4,12,December,South,India,Tamil Nadu,Chennai,Mobile Arm 3,Electronics,Mobiles,26804.27,31521.39,Taylor Tran,Corporate,4.3,5896,,,Online,1,31786.92,3399.91,26804.27,1582.74,19.67,28387.01,UPI,0
24736,ORD-2023-015778,1,2023-12-31,2023,Q4,12,December,West,India,Maharashtra,Mumbai,Mobile Arm 3,Electronics,Mobiles,26804.27,31521.39,Jason Herrera,Corporate,3.3,770,Tammy Nguyen,2.0,Retail Store,1,31648.02,2417.97,26804.27,2425.78,22.16,29230.05,UPI,0
24994,ORD-2022-015937,1,2022-10-05,2022,Q4,10,October,Central,India,Uttarakhand,Dehradun,Mobile Arm 3,Electronics,Mobiles,26804.27,31521.39,Joshua Leonard,Consumer,4.5,3852,,,Online,2,63465.47,8854.87,53608.54,1002.06,78.75,54610.6,Net Banking,0
24997,ORD-2024-015940,1,2024-09-24,2024,Q3,9,September,South,India,Telangana,Hyderabad,Mobile Arm 3,Electronics,Mobiles,26804.27,31521.39,Felicia Wright,Consumer,4.4,2254,,,Marketplace,6,188517.56,32512.59,160825.62,-4820.65,21.81,156004.97,Net Banking,0
25679,ORD-2025-016369,1,2025-09-06,2025,Q3,9,September,South,India,Karnataka,Bengaluru,Mobile Arm 3,Electronics,Mobiles,26804.27,31521.39,Melissa Foster,Consumer,4.0,2067,Nicole Baker,6.0,Retail Store,1,31829.6,1231.92,26804.27,3793.41,17.34,30597.68,Wire Transfer,0
26252,ORD-2025-016739,1,2025-09-04,2025,Q3,9,September,East,India,West Bengal,Kolkata,Mobile Arm 3,Electronics,Mobiles,26804.27,31521.39,Lauren Cunningham,Consumer,3.9,1817,,,Online,4,125702.74,11272.43,107217.08,7213.23,21.39,114430.31,UPI,0
27594,ORD-2022-017560,1,2022-10-02,2022,Q4,10,October,West,India,Maharashtra,Mumbai,Mobile Arm 3,Electronics,Mobiles,26804.27,31521.39,Douglas Watkins,Consumer,4.9,3039,,,Online,1,31911.09,2988.35,26804.27,2118.47,23.22,28922.74,Wire Transfer,0
27651,ORD-2022-017596,1,2022-05-22,2022,Q2,5,May,West,India,Maharashtra,Mumbai,Mobile Arm 3,Electronics,Mobiles,26804.27,31521.39,Michael Snyder,Consumer,4.1,6306,,,Online,2,62225.44,7370.27,53608.54,1246.63,21.88,54855.17,Net Banking,0
27655,ORD-2023-017599,2,2023-10-30,2023,Q4,10,October,South,India,Telangana,Hyderabad,Mobile Arm 3,Electronics,Mobiles,26804.27,31521.39,Jason Alvarez,Consumer,3.5,2851,Michelle Hall,30.0,Marketplace,4,125970.21,19830.17,107217.08,-1077.04,21.26,106140.04000000001,UPI,0
27906,ORD-2025-017753,1,2025-09-05,2025,Q3,9,September,South,India,Andhra Pradesh,Visakhapatnam,Mobile Arm 3,Electronics,Mobiles,26804.27,31521.39,Meagan Patterson,Consumer,4.3,5785,Jeremy Turner,9.0,Distributor,2,63171.57,8494.88,53608.54,1068.15,83.21,54676.69,Credit Card,1
28329,ORD-2025-018038,1,2025-02-23,2025,Q1,2,February,West,India,Gujarat,Ahmedabad,Mobile Arm 3,Electronics,Mobiles,26804.27,31521.39,Aaron Shepard,Consumer,4.4,7636,,,Online,4,124423.17,23262.75,107217.08,-6056.66,75.65,101160.42,Credit Card,1
28338,ORD-2025-018044,1,2025-08-18,2025,Q3,8,August,South,India,Karnataka,Bengaluru,Mobile Arm 3,Electronics,Mobiles,26804.27,31521.39,Gina Spencer,Consumer,2.9,2295,Nicole Baker,6.0,Retail Store,1,31747.9,2569.83,26804.27,2373.8,22.43,29178.07,UPI,0
29122,ORD-2023-018560,1,2023-01-02,2023,Q1,1,January,South,India,Tamil Nadu,Chennai,Mobile Arm 3,Electronics,Mobiles,26804.27,31521.39,Vanessa Coleman,Corporate,4.2,2250,Jesse Yang,89.0,Retail Store,2,63378.76,1837.29,53608.54,7932.93,24.84,61541.47,Wire Transfer,0
29134,ORD-2022-018567,2,2022-12-29,2022,Q4,12,December,South,India,Telangana,Hyderabad,Mobile Arm 3,Electronics,Mobiles,26804.27,31521.39,Cynthia Tucker,Consumer,4.5,6099,Michelle Hall,30.0,Distributor,3,96291.61,7945.98,80412.81,7932.82,20.49,88345.63,Credit Card,0
29140,ORD-2023-018569,2,2023-11-13,2023,Q4,11,November,East,India,West Bengal,Kolkata,Mobile Arm 3,Electronics,Mobiles,26804.27,31521.39,April Wiley,Consumer,4.7,5957,Diane Smith,92.0,Marketplace,1,31558.22,4080.75,26804.27,673.2,25.34,27477.47,UPI,0
29447,ORD-2023-018764,1,2023-02-15,2023,Q1,2,February,East,India,Assam,Guwahati,Mobile Arm 3,Electronics,Mobiles,26804.27,31521.39,Katelyn Yang,Corporate,3.4,7121,Megan Hernandez,31.0,Retail Store,3,93879.34,4123.5,80412.81,9343.03,55.71,89755.84,Credit Card,0
29560,ORD-2025-018833,1,2025-12-30,2025,Q4,12,December,South,India,Karnataka,Bengaluru,Mobile Arm 3,Electronics,Mobiles,26804.27,31521.39,Debbie Allen,Consumer,4.2,4114,,,Online,6,189823.17,18860.07,160825.62,10137.48,25.35,170963.1,UPI,0
30037,ORD-2023-019142,1,2023-08-16,2023,Q3,8,August,East,India,Assam,Guwahati,Mobile Arm 3,Electronics,Mobiles,26804.27,31521.39,Glenn Chen,SMB,4.0,4179,,,Online,2,63919.5,5942.86,53608.54,4368.1,61.99,57976.64,Credit Card,0
30326,ORD-2023-019316,1,2023-02-27,2023,Q1,2,February,South,India,Karnataka,Bengaluru,Mobile Arm 3,Electronics,Mobiles,26804.27,31521.39,Laura Singleton,Consumer,3.4,6068,Nicole Baker,6.0,Retail Store,6,187025.53,12052.82,160825.62,14147.09,19.46,174972.71,Credit Card,0
30451,ORD-2025-019406,1,2025-03-05,2025,Q1,3,March,East,India,Assam,Guwahati,Mobile Arm 3,Electronics,Mobiles,26804.27,31521.39,Robert Cooper,Consumer,4.7,3804,,,Online,1,30963.27,3151.76,26804.27,1007.24,55.8,27811.510000000002,UPI,0
31251,ORD-2025-019899,1,2025-07-02,2025,Q3,7,July,West,India,Gujarat,Ahmedabad,Mobile Arm 3,Electronics,Mobiles,26804.27,31521.39,Sarah Duncan,Consumer,3.4,1514,,,Marketplace,1,32086.47,4501.78,26804.27,780.42,78.01,27584.690000000002,Net Banking,0
31384,ORD-2023-019979,1,2023-10-22,2023,Q4,10,October,South,India,Kerala,Kochi,Mobile Arm 3,Electronics,Mobiles,26804.27,31521.39,Luke Freeman,Corporate,4.1,2637,Steven Cannon,114.0,Distributor,1,31208.11,2150.69,26804.27,2253.15,63.05,29057.420000000002,UPI,0
31469,ORD-2024-020038,1,2024-01-07,2024,Q1,1,January,West,India,Maharashtra,Pune,Mobile Arm 3,Electronics,Mobiles,26804.27,31521.39,Jennifer Smith,Corporate,3.1,4056,Lisa Henderson,84.0,Retail Store,3,95420.1,8466.49,80412.81,6540.8,23.09,86953.61,UPI,0
31701,ORD-2025-020193,1,2025-08-29,2025,Q3,8,August,South,India,Kerala,Kochi,Mobile Arm 3,Electronics,Mobiles,26804.27,31521.39,Richard Wood,SMB,4.0,7228,Amy Chapman,52.0,Marketplace,2,62476.82,20675.65,53608.54,-11807.37,62.75,41801.17,Wire Transfer,0
31780,ORD-2022-020242,2,2022-02-24,2022,Q1,2,February,East,India,Jharkhand,Ranchi,Mobile Arm 3,Electronics,Mobiles,26804.27,31521.39,Reginald Copeland,Consumer,4.1,6993,,,Online,2,63177.73,10752.33,53608.54,-1183.14,63.33,52425.4,Net Banking,0
32928,ORD-2023-020984,2,2023-04-30,2023,Q2,4,April,East,India,West Bengal,Kolkata,Mobile Arm 3,Electronics,Mobiles,26804.27,31521.39,Jason Douglas,Consumer,3.2,5764,Eric Parker,87.0,Distributor,3,94278.58,25471.62,80412.81,-11605.85,23.53,68806.96,Credit Card,0
34464,ORD-2022-021988,2,2022-10-20,2022,Q4,10,October,Central,India,Himachal Pradesh,Shimla,Mobile Arm 3,Electronics,Mobiles,26804.27,31521.39,Kenneth Williams,Consumer,3.0,4421,Rachel Soto,14.0,Retail Store,2,62642.71,4557.36,53608.54,4476.81,77.84,58085.35,UPI,0
35515,ORD-2024-022647,1,2024-10-23,2024,Q4,10,October,Central,India,Uttarakhand,Dehradun,Mobile Arm 3,Electronics,Mobiles,26804.27,31521.39,Francisco Fernandez,Consumer,3.4,7,,,Online,3,96406.57,7325.77,80412.81,8667.99,79.16,89080.8,UPI,0
35753,ORD-2025-022797,1,2025-02-15,2025,Q1,2,February,West,India,Maharashtra,Mumbai,Mobile Arm 3,Electronics,Mobiles,26804.27,31521.39,Lisa Campbell,Consumer,3.6,6572,April White,81.0,Retail Store,1,32010.48,584.71,26804.27,4621.5,25.03,31425.77,Wire Transfer,0
36047,ORD-2022-022990,3,2022-03-05,2022,Q1,3,March,South,India,Kerala,Kochi,Mobile Arm 3,Electronics,Mobiles,26804.27,31521.39,Victoria Keller,Consumer,2.6,5302,Amy Chapman,52.0,Retail Store,3,93089.14,3933.92,80412.81,8742.41,82.43,89155.22,Net Banking,0
36153,ORD-2024-023061,1,2024-11-23,2024,Q4,11,November,South,India,Karnataka,Bengaluru,Mobile Arm 3,Electronics,Mobiles,26804.27,31521.39,Kyle Mccarthy,Corporate,3.1,6945,,,Marketplace,3,93448.15,25534.49,80412.81,-12499.15,28.03,67913.65999999999,Wire Transfer,0
36581,ORD-2025-023332,2,2025-09-06,2025,Q3,9,September,West,India,Gujarat,Ahmedabad,Mobile Arm 3,Electronics,Mobiles,26804.27,31521.39,Sarah Duncan,Consumer,3.4,1514,Blake Norris,66.0,Retail Store,2,62158.48,12585.9,53608.54,-4035.96,58.6,49572.58,UPI,0
36988,ORD-2024-023599,1,2024-11-04,2024,Q4,11,November,East,India,Assam,Guwahati,Mobile Arm 3,Electronics,Mobiles,26804.27,31521.39,Jessica Bowen,Consumer,2.4,702,Olivia Williams,25.0,Online,1,31696.17,3075.35,26804.27,1816.55,61.73,28620.82,COD,0
37263,ORD-2025-023780,2,2025-10-30,2025,Q4,10,October,South,India,Karnataka,Bengaluru,Mobile Arm 3,Electronics,Mobiles,26804.27,31521.39,Sherry Franco,Corporate,3.5,7946,,,Online,3,95132.76,10266.46,80412.81,4453.49,26.88,84866.29999999999,UPI,0
37475,ORD-2024-023914,2,2024-09-12,2024,Q3,9,September,North,India,Delhi,New Delhi,Mobile Arm 3,Electronics,Mobiles,26804.27,31521.39,Edward Jenkins,Corporate,4.5,791,,,Online,3,96082.39,19989.38,80412.81,-4319.8,26.11,76093.01,Net Banking,0
37874,ORD-2022-024173,1,2022-12-02,2022,Q4,12,December,West,India,Maharashtra,Mumbai,Mobile Arm 3,Electronics,Mobiles,26804.27,31521.39,Angela Wilson,Corporate,3.2,7685,,,Marketplace,1,31147.21,4470.82,26804.27,-127.88,19.33,26676.39,Credit Card,0
38755,ORD-2024-024731,2,2024-05-15,2024,Q2,5,May,South,India,Telangana,Hyderabad,Mobile Arm 3,Electronics,Mobiles,26804.27,31521.39,Richard Chandler,Consumer,3.3,4379,,,Online,5,156240.76,35119.11,134021.35,-12899.7,17.42,121121.65000000001,Net Banking,0
39055,ORD-2023-024922,2,2023-05-06,2023,Q2,5,May,East,India,Jharkhand,Ranchi,Mobile Arm 3,Electronics,Mobiles,26804.27,31521.39,John Clark,Consumer,3.8,6774,,,Online,1,31967.14,2720.08,26804.27,2442.79,82.32,29247.059999999998,UPI,0
39301,ORD-2025-025074,1,2025-11-18,2025,Q4,11,November,East,India,Assam,Guwahati,Mobile Arm 3,Electronics,Mobiles,26804.27,31521.39,Joanna Adkins,Consumer,5.0,3951,,,Online,3,93840.21,7956.28,80412.81,5471.12,69.27,85883.93000000001,UPI,0
39470,ORD-2023-025182,2,2023-12-04,2023,Q4,12,December,North,India,Delhi,New Delhi,Mobile Arm 3,Electronics,Mobiles,26804.27,31521.39,Stephanie Cole,Consumer,3.3,3028,,,Online,2,62638.25,3060.31,53608.54,5969.4,20.96,59577.94,Credit Card,0
39689,ORD-2023-025321,3,2023-04-16,2023,Q2,4,April,South,India,Telangana,Hyderabad,Mobile Arm 3,Electronics,Mobiles,26804.27,31521.39,Kimberly Hanna,Consumer,4.7,7179,Greg Williams,5.0,Retail Store,1,31385.31,6958.66,26804.27,-2377.62,17.56,24426.65,Credit Card,0
40202,ORD-2022-025650,1,2022-05-16,2022,Q2,5,May,Central,India,Himachal Pradesh,Shimla,Mobile Arm 3,Electronics,Mobiles,26804.27,31521.39,Michael Sims,Consumer,2.6,947,Amber Cruz,17.0,Retail Store,7,219466.88,4332.71,187629.89,27504.28,68.9,215134.17,UPI,0
41024,ORD-2023-026191,3,2023-10-07,2023,Q4,10,October,Central,India,Madhya Pradesh,Bhopal,Mobile Arm 3,Electronics,Mobiles,26804.27,31521.39,Edward White,Consumer,4.2,5877,,,Online,2,62001.46,6332.23,53608.54,2060.69,54.44,55669.229999999996,UPI,0
41556,ORD-2024-026542,2,2024-10-02,2024,Q4,10,October,Central,India,Uttar Pradesh,Kanpur,Mobile Arm 3,Electronics,Mobiles,26804.27,31521.39,Annette Rivas,Consumer,3.7,4793,,,Online,1,31312.06,3785.24,26804.27,722.55,81.24,27526.82,Credit Card,0
42727,ORD-2024-027322,1,2024-03-05,2024,Q1,3,March,East,India,Assam,Guwahati,Mobile Arm 3,Electronics,Mobiles,26804.27,31521.39,Sean Harper,Consumer,4.0,6864,Carl Lopez,91.0,Online,4,127193.06,12479.26,107217.08,7496.72,64.16,114713.8,COD,0
42746,ORD-2025-027336,1,2025-11-30,2025,Q4,11,November,South,India,Telangana,Hyderabad,Mobile Arm 3,Electronics,Mobiles,26804.27,31521.39,Shane Gonzalez,Consumer,3.3,7715,Michelle Hall,30.0,Retail Store,3,93289.95,9400.34,80412.81,3476.8,26.9,83889.61,Credit Card,0
43320,ORD-2022-027690,2,2022-11-13,2022,Q4,11,November,East,India,Assam,Guwahati,Mobile Arm 3,Electronics,Mobiles,26804.27,31521.39,Tracy Jones,SMB,4.3,3127,Lisa Henderson,84.0,Retail Store,1,31485.71,2087.12,26804.27,2594.32,79.7,29398.59,UPI,1
44456,ORD-2022-028412,1,2022-10-30,2022,Q4,10,October,East,India,West Bengal,Kolkata,Mobile Arm 3,Electronics,Mobiles,26804.27,31521.39,Timothy Melton,SMB,3.5,4370,,,Marketplace,6,190987.44,26260.57,160825.62,3901.25,25.91,164726.87,UPI,0
44679,ORD-2022-028549,1,2022-04-16,2022,Q2,4,April,North,India,Delhi,New Delhi,Mobile Arm 3,Electronics,Mobiles,26804.27,31521.39,Charles Robinson,Corporate,3.6,2548,,,Online,1,32042.3,2178.64,26804.27,3059.39,23.81,29863.66,Net Banking,0
44701,ORD-2023-028562,1,2023-03-02,2023,Q1,3,March,Central,India,Uttarakhand,Dehradun,Mobile Arm 3,Electronics,Mobiles,26804.27,31521.39,Nancy Gaines,Consumer,4.0,2332,,,Online,2,62263.76,7782.81,53608.54,872.41,56.24,54480.950000000004,Net Banking,0
44980,ORD-2023-028736,2,2023-05-05,2023,Q2,5,May,East,India,West Bengal,Kolkata,Mobile Arm 3,Electronics,Mobiles,26804.27,31521.39,Amanda Hill,Consumer,2.7,879,,,Marketplace,3,94232.47,12801.13,80412.81,1018.53,17.69,81431.34,Net Banking,0
45001,ORD-2023-028750,1,2023-05-04,2023,Q2,5,May,West,India,Maharashtra,Pune,Mobile Arm 3,Electronics,Mobiles,26804.27,31521.39,Michael Evans,Consumer,4.1,7009,,,Online,2,63522.27,5417.82,53608.54,4495.91,25.35,58104.45,Net Banking,0
45379,ORD-2024-028992,1,2024-12-19,2024,Q4,12,December,East,India,Assam,Guwahati,Mobile Arm 3,Electronics,Mobiles,26804.27,31521.39,Dalton Davis,Corporate,3.6,3456,,,Online,1,31025.19,4057.76,26804.27,163.16,66.84,26967.43,Credit Card,0
45727,ORD-2022-029210,3,2022-04-29,2022,Q2,4,April,North,India,Delhi,New Delhi,Mobile Arm 3,Electronics,Mobiles,26804.27,31521.39,Ashley Cordova,Consumer,3.7,2859,Alison Miller,19.0,Online,1,31644.32,2859.6,26804.27,1980.45,18.09,28784.72,Credit Card,0
46174,ORD-2024-029484,3,2024-04-29,2024,Q2,4,April,West,India,Maharashtra,Pune,Mobile Arm 3,Electronics,Mobiles,26804.27,31521.39,Courtney Chapman,Consumer,3.7,822,Michael Gibbs,4.0,Distributor,1,31947.84,3477.9,26804.27,1665.67,22.65,28469.94,UPI,0
46895,ORD-2022-029958,2,2022-09-22,2022,Q3,9,September,Central,India,Uttarakhand,Dehradun,Mobile Arm 3,Electronics,Mobiles,26804.27,31521.39,Stephen Smith,Corporate,3.2,7700,Howard Hunter,55.0,Distributor,1,30949.79,3024.21,26804.27,1121.31,72.32,27925.58,UPI,0
47753,ORD-2025-030509,2,2025-03-09,2025,Q1,3,March,South,India,Telangana,Hyderabad,Mobile Arm 3,Electronics,Mobiles,26804.27,31521.39,Daniel Shaw,Corporate,3.6,3639,Taylor Parsons,103.0,Retail Store,1,31571.0,6047.08,26804.27,-1280.35,25.62,25523.92,UPI,0
48064,ORD-2023-030713,2,2023-05-01,2023,Q2,5,May,East,India,Odisha,Bhubaneswar,Mobile Arm 3,Electronics,Mobiles,26804.27,31521.39,Anthony Gordon,SMB,3.7,7802,,,Online,1,31932.96,2203.74,26804.27,2924.95,79.53,29729.22,Credit Card,0
48632,ORD-2023-031076,1,2023-01-08,2023,Q1,1,January,West,India,Maharashtra,Pune,Mobile Arm 3,Electronics,Mobiles,26804.27,31521.39,Joshua Hernandez,Consumer,3.4,4655,Rachel Castillo,94.0,Online,1,31151.32,4377.4,26804.27,-30.35,19.38,26773.92,Credit Card,0
48767,ORD-2025-031166,1,2025-10-12,2025,Q4,10,October,East,India,Jharkhand,Ranchi,Mobile Arm 3,Electronics,Mobiles,26804.27,31521.39,Melanie Saunders,Corporate,3.9,7084,,,Online,7,222621.96,17708.97,187629.89,17283.1,52.14,204912.99,UPI,0
49801,ORD-2022-031814,1,2022-12-17,2022,Q4,12,December,South,India,Andhra Pradesh,Visakhapatnam,Mobile Arm 3,Electronics,Mobiles,26804.27,31521.39,Christian Vaughn,Corporate,3.5,425,,,Marketplace,1,31763.77,5472.77,26804.27,-513.27,53.21,26291.0,Credit Card,0
50723,ORD-2022-032388,2,2022-02-15,2022,Q1,2,February,South,India,Karnataka,Bengaluru,Mobile Arm 3,Electronics,Mobiles,26804.27,31521.39,David Williams,Corporate,2.9,5272,,,Online,1,31215.08,2903.63,26804.27,1507.18,24.47,28311.45,Net Banking,0
50831,ORD-2025-032457,2,2025-12-12,2025,Q4,12,December,Central,India,Madhya Pradesh,Bhopal,Mobile Arm 3,Electronics,Mobiles,26804.27,31521.39,Leah Collier,Consumer,3.3,5319,Christopher Bolton,108.0,Retail Store,5,155479.81,1282.36,134021.35,20176.1,60.54,154197.45,COD,0
51569,ORD-2024-032911,1,2024-05-01,2024,Q2,5,May,South,India,Telangana,Hyderabad,Mobile Arm 3,Electronics,Mobiles,26804.27,31521.39,Thomas Rodgers,Consumer,4.6,6372,,,Online,3,93032.1,18639.27,80412.81,-6019.98,18.39,74392.83,UPI,0
51937,ORD-2022-033145,1,2022-07-30,2022,Q3,7,July,East,India,West Bengal,Kolkata,Mobile Arm 3,Electronics,Mobiles,26804.27,31521.39,Cody Hart,Consumer,2.6,7742,Eric Parker,87.0,Retail Store,1,31762.99,3156.75,26804.27,1801.97,21.76,28606.24,UPI,0
52053,ORD-2023-033213,1,2023-11-07,2023,Q4,11,November,Central,India,Uttar Pradesh,Kanpur,Mobile Arm 3,Electronics,Mobiles,26804.27,31521.39,Jeffrey Maldonado DDS,Consumer,2.9,2997,Jeffery Davis,72.0,Distributor,3,94926.33,7230.92,80412.81,7282.6,53.66,87695.41,Credit Card,0
52125,ORD-2022-033265,1,2022-11-06,2022,Q4,11,November,North,India,Delhi,New Delhi,Mobile Arm 3,Electronics,Mobiles,26804.27,31521.39,Christian Rowe,SMB,4.2,5627,Alison Miller,19.0,Retail Store,2,63633.26,3664.91,53608.54,6359.81,17.93,59968.350000000006,UPI,0
54150,ORD-2025-034581,2,2025-01-05,2025,Q1,1,January,West,India,Maharashtra,Mumbai,Mobile Arm 3,Electronics,Mobiles,26804.27,31521.39,Christina Powell,Consumer,4.1,5095,,,Online,3,95403.57,8541.59,80412.81,6449.17,25.55,86861.98000000001,UPI,0
54210,ORD-2022-034614,4,2022-06-18,2022,Q2,6,June,North,India,Rajasthan,Jaipur,Mobile Arm 3,Electronics,Mobiles,26804.27,31521.39,Terri Pennington,Consumer,5.0,7355,,,Online,1,31050.77,3581.45,26804.27,665.05,75.52,27469.32,UPI,0
54758,ORD-2023-034971,2,2023-02-14,2023,Q1,2,February,North,India,Delhi,New Delhi,Mobile Arm 3,Electronics,Mobiles,26804.27,31521.39,Rachael Pearson,Corporate,3.3,27,Alison Miller,19.0,Distributor,1,31932.56,7392.7,26804.27,-2264.41,25.94,24539.86,Credit Card,0
55450,ORD-2023-035413,1,2023-03-06,2023,Q1,3,March,East,India,West Bengal,Kolkata,Mobile Arm 3,Electronics,Mobiles,26804.27,31521.39,Gregory Jacobs,Corporate,3.9,2708,,,Online,2,64291.97,2651.2,53608.54,8032.23,18.6,61640.770000000004,Credit Card,0
55866,ORD-2025-035667,1,2025-05-26,2025,Q2,5,May,East,India,Bihar,Patna,Mobile Arm 3,Electronics,Mobiles,26804.27,31521.39,Dr. Teresa Ortega MD,Corporate,3.1,2490,Jill Stevens,44.0,Retail Store,2,63240.56,8847.92,53608.54,784.1,77.08,54392.64,UPI,0
56183,ORD-2024-035883,4,2024-12-21,2024,Q4,12,December,Central,India,Uttar Pradesh,Kanpur,Mobile Arm 3,Electronics,Mobiles,26804.27,31521.39,Phillip Anderson,Consumer,3.8,3462,,,Online,1,32103.65,3234.22,26804.27,2065.16,62.32,28869.43,Credit Card,0
57160,ORD-2023-036513,1,2023-12-21,2023,Q4,12,December,South,India,Karnataka,Bengaluru,Mobile Arm 3,Electronics,Mobiles,26804.27,31521.39,Leon Duncan,Consumer,5.0,3624,Ryan Barrera,33.0,Retail Store,4,128138.88,6455.1,107217.08,14466.7,25.34,121683.78,Credit Card,0
57796,ORD-2022-036934,1,2022-10-21,2022,Q4,10,October,Central,India,Uttarakhand,Dehradun,Mobile Arm 3,Electronics,Mobiles,26804.27,31521.39,Joshua Leonard,Consumer,4.5,3852,,,Online,5,159524.87,21164.48,134021.35,4339.04,79.54,138360.38999999998,COD,0
58066,ORD-2025-037116,1,2025-03-25,2025,Q1,3,March,North,India,Haryana,Gurugram,Mobile Arm 3,Electronics,Mobiles,26804.27,31521.39,Patrick Pineda,Consumer,3.5,2522,Michael Hendrix,117.0,Retail Store,1,31818.73,1325.4,26804.27,3689.06,55.17,30493.329999999998,UPI,0
58296,ORD-2024-037273,1,2024-03-29,2024,Q1,3,March,North,India,Delhi,New Delhi,Mobile Arm 3,Electronics,Mobiles,26804.27,31521.39,Michael Jackson,Consumer,4.6,4539,Alison Miller,19.0,Retail Store,1,31032.05,1968.27,26804.27,2259.51,21.35,29063.78,Wire Transfer,0
58500,ORD-2024-037398,1,2024-09-26,2024,Q3,9,September,East,India,West Bengal,Kolkata,Mobile Arm 3,Electronics,Mobiles,26804.27,31521.39,Ann Goodwin,Consumer,2.8,6170,,,Online,3,92822.54,12206.61,80412.81,203.12,19.44,80615.93,COD,0
59260,ORD-2024-037876,1,2024-02-05,2024,Q1,2,February,South,India,Tamil Nadu,Chennai,Mobile Arm 3,Electronics,Mobiles,26804.27,31521.39,Nancy Webb,Consumer,4.5,1133,,,Online,1,31629.85,6639.04,26804.27,-1813.46,27.15,24990.809999999998,UPI,0
60398,ORD-2025-038612,1,2025-06-02,2025,Q2,6,June,North,India,Uttar Pradesh,Lucknow,Mobile Arm 3,Electronics,Mobiles,26804.27,31521.39,Thomas Macdonald,Consumer,4.7,7520,,,Online,3,94706.03,12405.82,80412.81,1887.4,56.58,82300.20999999999,Credit Card,0
60704,ORD-2023-038805,1,2023-03-20,2023,Q1,3,March,East,India,Assam,Guwahati,Mobile Arm 3,Electronics,Mobiles,26804.27,31521.39,Nicholas Carlson,Corporate,3.1,951,Erin Mcdowell,105.0,Distributor,2,63441.06,12377.47,53608.54,-2544.95,57.86,51063.59,Credit Card,0
61077,ORD-2023-039031,2,2023-10-28,2023,Q4,10,October,East,India,West Bengal,Kolkata,Mobile Arm 3,Electronics,Mobiles,26804.27,31521.39,Angela Gilmore,Consumer,3.6,1744,Eric Parker,87.0,Retail Store,1,31546.51,3618.92,26804.27,1123.32,20.88,27927.589999999997,UPI,0
61794,ORD-2024-039498,1,2024-01-26,2024,Q1,1,January,West,India,Maharashtra,Mumbai,Mobile Arm 3,Electronics,Mobiles,26804.27,31521.39,Julia Mullins,Consumer,3.5,5543,,,Online,1,30982.76,2998.8,26804.27,1179.69,27.57,27983.96,COD,0
62052,ORD-2024-039659,1,2024-10-27,2024,Q4,10,October,North,India,Uttar Pradesh,Lucknow,Mobile Arm 3,Electronics,Mobiles,26804.27,31521.39,Matthew Farmer,Consumer,3.9,4094,,,Online,2,63922.91,4990.75,53608.54,5323.62,73.44,58932.16,COD,0
62076,ORD-2023-039675,2,2023-11-28,2023,Q4,11,November,West,India,Maharashtra,Mumbai,Mobile Arm 3,Electronics,Mobiles,26804.27,31521.39,John Zamora,Consumer,3.4,1715,April White,81.0,Distributor,6,185561.68,11331.82,160825.62,13404.24,27.91,174229.86,UPI,0
62428,ORD-2024-039895,1,2024-11-03,2024,Q4,11,November,North,India,Delhi,New Delhi,Mobile Arm 3,Electronics,Mobiles,26804.27,31521.39,Jessica Walsh,Consumer,3.0,7382,,,Online,5,156008.14,12465.62,134021.35,9521.17,21.77,143542.52000000002,Credit Card,0
62455,ORD-2023-039910,3,2023-11-20,2023,Q4,11,November,North,India,Punjab,Chandigarh,Mobile Arm 3,Electronics,Mobiles,26804.27,31521.39,Cynthia Newman,SMB,4.6,6019,,,Online,4,123931.81,12697.94,107217.08,4016.79,56.12,111233.87,UPI,0
62565,ORD-2025-039981,2,2025-06-06,2025,Q2,6,June,West,India,Madhya Pradesh,Indore,Mobile Arm 3,Electronics,Mobiles,26804.27,31521.39,Anthony Marshall,Consumer,3.2,4367,,,Marketplace,1,31664.47,3561.86,26804.27,1298.34,66.5,28102.61,Credit Card,0
64196,ORD-2023-041041,1,2023-05-17,2023,Q2,5,May,Central,India,Uttarakhand,Dehradun,Mobile Arm 3,Electronics,Mobiles,26804.27,31521.39,Matthew Bartlett,Consumer,3.3,3949,David Mitchell,42.0,Retail Store,1,31931.6,1990.94,26804.27,3136.39,56.23,29940.66,Credit Card,0
64401,ORD-2022-041166,1,2022-05-12,2022,Q2,5,May,West,India,Goa,Panaji,Mobile Arm 3,Electronics,Mobiles,26804.27,31521.39,Austin Ross,Corporate,3.4,2366,,,Online,2,63606.38,5493.79,53608.54,4504.05,75.56,58112.59,Credit Card,0
64973,ORD-2023-041535,1,2023-07-28,2023,Q3,7,July,North,India,Delhi,New Delhi,Mobile Arm 3,Electronics,Mobiles,26804.27,31521.39,Laura Middleton,Corporate,3.7,4580,,,Online,1,31463.18,3004.46,26804.27,1654.45,17.88,28458.72,COD,1
65303,ORD-2022-041761,2,2022-07-13,2022,Q3,7,July,North,India,Delhi,New Delhi,Mobile Arm 3,Electronics,Mobiles,26804.27,31521.39,Jeffery Jordan,Consumer,4.4,5092,,,Marketplace,8,257165.74,45264.76,214434.16,-2533.18,24.94,211900.97999999998,Net Banking,0
66036,ORD-2025-042220,1,2025-08-12,2025,Q3,8,August,South,India,Kerala,Kochi,Mobile Arm 3,Electronics,Mobiles,26804.27,31521.39,Jamie Solomon,Consumer,2.9,1142,,,Online,1,31081.9,7629.95,26804.27,-3352.32,74.51,23451.95,UPI,0
66096,ORD-2025-042257,1,2025-04-19,2025,Q2,4,April,East,India,West Bengal,Kolkata,Mobile Arm 3,Electronics,Mobiles,26804.27,31521.39,Heather Woodard,Corporate,4.0,612,,,Online,2,62191.53,5150.37,53608.54,3432.62,25.16,57041.159999999996,UPI,0
66320,ORD-2023-042391,1,2023-10-23,2023,Q4,10,October,East,India,Odisha,Bhubaneswar,Mobile Arm 3,Electronics,Mobiles,26804.27,31521.39,Amber Obrien,Consumer,2.0,153,,,Online,3,95632.76,11259.43,80412.81,3960.52,71.79,84373.32999999999,COD,0
66452,ORD-2025-042470,1,2025-08-10,2025,Q3,8,August,South,India,Tamil Nadu,Chennai,Mobile Arm 3,Electronics,Mobiles,26804.27,31521.39,Brian Lewis,Corporate,2.8,5434,Jesse Yang,89.0,Distributor,1,31767.1,2958.82,26804.27,2004.01,28.09,28808.28,Credit Card,0
66641,ORD-2023-042587,2,2023-04-11,2023,Q2,4,April,South,India,Telangana,Hyderabad,Mobile Arm 3,Electronics,Mobiles,26804.27,31521.39,Adam Arnold,Consumer,4.6,2678,,,Marketplace,3,92736.59,15655.85,80412.81,-3332.07,19.09,77080.73999999999,UPI,0
66683,ORD-2023-042616,1,2023-08-10,2023,Q3,8,August,North,India,Punjab,Chandigarh,Mobile Arm 3,Electronics,Mobiles,26804.27,31521.39,Samantha Jones,Consumer,3.5,1217,,,Online,1,30969.28,2755.06,26804.27,1409.95,79.37,28214.219999999998,Wire Transfer,0
66978,ORD-2025-042806,2,2025-07-31,2025,Q3,7,July,Central,India,Himachal Pradesh,Shimla,Mobile Arm 3,Electronics,Mobiles,26804.27,31521.39,Justin Torres,Consumer,3.7,72,,,Online,1,31446.43,1485.33,26804.27,3156.83,77.6,29961.1,UPI,0
67948,ORD-2025-043424,2,2025-11-13,2025,Q4,11,November,North,India,Uttar Pradesh,Lucknow,Mobile Arm 3,Electronics,Mobiles,26804.27,31521.39,Katie Myers,Corporate,5.0,1895,Maria Williams,53.0,Retail Store,2,63299.97,3354.55,53608.54,6336.88,52.36,59945.42,UPI,0
68915,ORD-2025-044034,1,2025-12-20,2025,Q4,12,December,South,India,Tamil Nadu,Chennai,Mobile Arm 3,Electronics,Mobiles,26804.27,31521.39,Gregory Madden,SMB,2.5,1798,Olivia Russell,16.0,Retail Store,3,96218.27,7485.62,80412.81,8319.84,19.08,88732.65000000001,COD,0
69439,ORD-2024-044353,1,2024-09-10,2024,Q3,9,September,East,India,Bihar,Patna,Mobile Arm 3,Electronics,Mobiles,26804.27,31521.39,James Randall,Consumer,3.0,1789,Jill Stevens,44.0,Distributor,2,62367.49,6579.15,53608.54,2179.8,56.51,55788.34,UPI,0
69772,ORD-2025-044566,1,2025-10-11,2025,Q4,10,October,South,India,Karnataka,Bengaluru,Mobile Arm 3,Electronics,Mobiles,26804.27,31521.39,Charles Scott,Consumer,4.3,2190,Henry Parker,49.0,Retail Store,1,31696.33,1641.11,26804.27,3250.95,18.73,30055.22,UPI,0
70493,ORD-2025-045022,1,2025-06-15,2025,Q2,6,June,North,India,Delhi,New Delhi,Mobile Arm 3,Electronics,Mobiles,26804.27,31521.39,Karen Mooney,SMB,4.2,7418,Alison Miller,19.0,Retail Store,1,31361.78,1174.02,26804.27,3383.49,18.24,30187.76,UPI,1
70799,ORD-2025-045215,2,2025-12-10,2025,Q4,12,December,West,India,Goa,Panaji,Mobile Arm 3,Electronics,Mobiles,26804.27,31521.39,Michael Nelson,Corporate,3.9,4373,,,Online,2,62402.34,5672.78,53608.54,3121.02,76.31,56729.56,Net Banking,0
71451,ORD-2024-045631,1,2024-02-20,2024,Q1,2,February,West,India,Maharashtra,Mumbai,Mobile Arm 3,Electronics,Mobiles,26804.27,31521.39,Willie Henry,Consumer,4.1,576,Tammy Nguyen,2.0,Retail Store,2,62825.5,463.36,53608.54,8753.6,26.41,62362.14,COD,0
71730,ORD-2023-045813,1,2023-03-21,2023,Q1,3,March,West,India,Maharashtra,Mumbai,Mobile Arm 3,Electronics,Mobiles,26804.27,31521.39,Zachary Mitchell,Corporate,3.3,357,,,Online,4,123830.77,12941.09,107217.08,3672.6,25.94,110889.68000000001,Net Banking,0
72318,ORD-2023-046183,1,2023-03-07,2023,Q1,3,March,North,India,Punjab,Chandigarh,Mobile Arm 3,Electronics,Mobiles,26804.27,31521.39,Brian Sosa,Corporate,4.5,2744,Alice May,79.0,Retail Store,1,31159.35,5649.51,26804.27,-1294.43,74.24,25509.839999999997,Net Banking,0
72596,ORD-2023-046372,1,2023-07-01,2023,Q3,7,July,West,India,Maharashtra,Pune,Mobile Arm 3,Electronics,Mobiles,26804.27,31521.39,James Jefferson,Consumer,3.2,984,,,Online,1,31922.05,5638.23,26804.27,-520.45,20.38,26283.82,UPI,0
73164,ORD-2022-046740,1,2022-10-08,2022,Q4,10,October,North,India,Rajasthan,Jaipur,Mobile Arm 3,Electronics,Mobiles,26804.27,31521.39,Erin Stewart,Consumer,3.8,3682,,,Online,3,94712.13,7308.3,80412.81,6991.02,77.44,87403.83,COD,0
73179,ORD-2025-046751,1,2025-12-14,2025,Q4,12,December,South,India,Tamil Nadu,Chennai,Mobile Arm 3,Electronics,Mobiles,26804.27,31521.39,Jeanette Brown,Consumer,3.6,3092,Olivia Russell,16.0,Retail Store,1,31800.54,1327.65,26804.27,3668.62,21.89,30472.89,Net Banking,0
73533,ORD-2022-046969,1,2022-01-31,2022,Q1,1,January,West,India,Maharashtra,Mumbai,Mobile Arm 3,Electronics,Mobiles,26804.27,31521.39,Isaiah Turner,SMB,2.9,5546,Stephen Leon,107.0,Online,1,31423.79,2097.31,26804.27,2522.21,27.29,29326.48,Credit Card,0
73757,ORD-2025-047104,1,2025-09-13,2025,Q3,9,September,Central,India,Uttar Pradesh,Kanpur,Mobile Arm 3,Electronics,Mobiles,26804.27,31521.39,Jeffrey Maldonado DDS,Consumer,2.9,2997,Joseph Blevins,113.0,Online,1,31737.03,7713.12,26804.27,-2780.36,62.04,24023.91,Credit Card,1
74540,ORD-2023-047611,1,2023-04-22,2023,Q2,4,April,South,India,Andhra Pradesh,Visakhapatnam,Mobile Arm 3,Electronics,Mobiles,26804.27,31521.39,Jennifer Carpenter,SMB,3.2,4171,Jeffrey Leonard,36.0,Retail Store,6,192026.74,9830.92,160825.62,21370.2,58.16,182195.81999999998,UPI,0
74720,ORD-2024-047726,1,2024-05-05,2024,Q2,5,May,West,India,Maharashtra,Mumbai,Mobile Arm 3,Electronics,Mobiles,26804.27,31521.39,Kirk Carter,Consumer,3.9,80,Vanessa Boone,120.0,Retail Store,1,31979.64,1153.33,26804.27,4022.04,22.14,30826.309999999998,COD,0
75180,ORD-2023-048020,2,2023-07-17,2023,Q3,7,July,Central,India,Madhya Pradesh,Bhopal,Mobile Arm 3,Electronics,Mobiles,26804.27,31521.39,Jennifer Bennett,Consumer,3.1,5659,Eric Harris DVM,98.0,Distributor,3,96271.38,11785.69,80412.81,4072.88,74.2,84485.69,UPI,0
75981,ORD-2024-048528,1,2024-02-21,2024,Q1,2,February,East,India,West Bengal,Kolkata,Mobile Arm 3,Electronics,Mobiles,26804.27,31521.39,Kelly Andersen,Consumer,4.0,2581,Noah Briggs,64.0,Distributor,7,224405.71,8774.99,187629.89,28000.83,22.6,215630.72,UPI,0
76150,ORD-2022-048642,1,2022-09-20,2022,Q3,9,September,West,India,Maharashtra,Mumbai,Mobile Arm 3,Electronics,Mobiles,26804.27,31521.39,Alyssa Orr,Consumer,3.3,3263,,,Online,1,31687.46,2851.88,26804.27,2031.31,27.53,28835.579999999998,Net Banking,1
76374,ORD-2025-048782,1,2025-11-23,2025,Q4,11,November,West,India,Madhya Pradesh,Indore,Mobile Arm 3,Electronics,Mobiles,26804.27,31521.39,Joseph Moon,Consumer,2.6,4004,April Carter,22.0,Retail Store,1,31813.41,865.01,26804.27,4144.13,63.97,30948.4,UPI,0
76873,ORD-2024-049110,1,2024-01-24,2024,Q1,1,January,Central,India,Uttar Pradesh,Kanpur,Mobile Arm 3,Electronics,Mobiles,26804.27,31521.39,Mark Knight,Consumer,5.0,4136,Joseph Blevins,113.0,Retail Store,5,158489.92,25706.19,134021.35,-1237.62,57.35,132783.73,COD,0
76961,ORD-2024-049162,2,2024-03-29,2024,Q1,3,March,South,India,Karnataka,Bengaluru,Mobile Arm 3,Electronics,Mobiles,26804.27,31521.39,Billy Mitchell,Corporate,3.5,6,,,Marketplace,3,93560.25,15341.24,80412.81,-2193.8,27.77,78219.01,UPI,0
77036,ORD-2024-049213,1,2024-12-03,2024,Q4,12,December,East,India,Assam,Guwahati,Mobile Arm 3,Electronics,Mobiles,26804.27,31521.39,Michelle Burton,Corporate,4.1,7048,Raymond Brooks III,41.0,Distributor,1,31070.56,1972.48,26804.27,2293.81,55.34,29098.08,Net Banking,0
77461,ORD-2022-049472,2,2022-11-04,2022,Q4,11,November,East,India,Bihar,Patna,Mobile Arm 3,Electronics,Mobiles,26804.27,31521.39,Teresa Smith,Corporate,3.7,5916,Jill Stevens,44.0,Retail Store,3,94526.83,6550.2,80412.81,7563.82,77.15,87976.63,UPI,0
77645,ORD-2025-049596,1,2025-05-12,2025,Q2,5,May,West,India,Maharashtra,Mumbai,Mobile Arm 3,Electronics,Mobiles,26804.27,31521.39,Adam Robinson,Corporate,4.0,2979,,,Online,3,95771.2,7378.29,80412.81,7980.1,25.31,88392.91,Credit Card,0
78095,ORD-2025-049894,1,2025-05-05,2025,Q2,5,May,North,India,Rajasthan,Jaipur,Mobile Arm 3,Electronics,Mobiles,26804.27,31521.39,Derek Frazier,Consumer,4.3,1753,Thomas Garcia,118.0,Retail Store,2,62788.93,3501.21,53608.54,5679.18,81.99,59287.72,Wire Transfer,0
78301,ORD-2024-050032,2,2024-03-17,2024,Q1,3,March,Central,India,Uttarakhand,Dehradun,Mobile Arm 3,Electronics,Mobiles,26804.27,31521.39,Mr. Logan Gregory,Consumer,4.2,2081,David Mitchell,42.0,Online,2,62667.51,8896.13,53608.54,162.84,60.91,53771.380000000005,UPI,0
78570,ORD-2023-050205,2,2023-11-13,2023,Q4,11,November,South,India,Telangana,Hyderabad,Mobile Arm 3,Electronics,Mobiles,26804.27,31521.39,Deborah Campbell,Corporate,2.8,847,,,Online,1,30996.2,2568.96,26804.27,1622.97,18.34,28427.24,Net Banking,0
78771,ORD-2024-050332,1,2024-06-19,2024,Q2,6,June,South,India,Karnataka,Bengaluru,Mobile Arm 3,Electronics,Mobiles,26804.27,31521.39,Nicholas Moss,Consumer,3.2,4090,Ryan Barrera,33.0,Distributor,5,157398.88,10477.24,134021.35,12900.29,24.55,146921.64,COD,0
78795,ORD-2022-050347,2,2022-07-26,2022,Q3,7,July,South,India,Tamil Nadu,Chennai,Mobile Arm 3,Electronics,Mobiles,26804.27,31521.39,Beth Cline,Consumer,3.0,671,,,Marketplace,4,124277.9,31935.02,107217.08,-14874.2,18.88,92342.87999999999,Net Banking,0
79506,ORD-2025-050812,1,2025-02-03,2025,Q1,2,February,North,India,Haryana,Gurugram,Mobile Arm 3,Electronics,Mobiles,26804.27,31521.39,Rebecca Sandoval,Corporate,2.8,4988,Latoya Fitzgerald,67.0,Retail Store,1,31624.93,2127.65,26804.27,2693.01,82.25,29497.28,COD,0
79596,ORD-2023-050869,1,2023-07-26,2023,Q3,7,July,West,India,Maharashtra,Mumbai,Mobile Arm 3,Electronics,Mobiles,26804.27,31521.39,Jamie Lindsey,Consumer,3.9,4375,,,Online,2,63805.6,8855.42,53608.54,1341.64,26.19,54950.18,Credit Card,0
80392,ORD-2024-051361,1,2024-04-25,2024,Q2,4,April,Central,India,Himachal Pradesh,Shimla,Mobile Arm 3,Electronics,Mobiles,26804.27,31521.39,Jennifer Cruz,Corporate,3.4,5929,,,Online,1,31892.84,4092.26,26804.27,996.31,80.08,27800.58,COD,0
80445,ORD-2022-051399,2,2022-02-07,2022,Q1,2,February,West,India,Gujarat,Ahmedabad,Mobile Arm 3,Electronics,Mobiles,26804.27,31521.39,Raymond Quinn,Corporate,3.4,1127,Stephen Shaw,69.0,Retail Store,2,62809.53,6058.59,53608.54,3142.4,76.44,56750.94,UPI,0
80665,ORD-2023-051560,1,2023-03-13,2023,Q1,3,March,South,India,Telangana,Hyderabad,Mobile Arm 3,Electronics,Mobiles,26804.27,31521.39,David Martinez,Consumer,3.6,59,,,Online,1,31975.31,8675.65,26804.27,-3504.61,19.73,23299.660000000003,Net Banking,0
81094,ORD-2025-051837,1,2025-03-17,2025,Q1,3,March,East,India,Assam,Guwahati,Mobile Arm 3,Electronics,Mobiles,26804.27,31521.39,Lindsay Walker,Corporate,4.1,2528,April Carter,22.0,Distributor,1,32040.9,1453.37,26804.27,3783.26,54.23,30587.530000000002,Credit Card,0
81108,ORD-2022-051849,1,2022-04-10,2022,Q2,4,April,South,India,Karnataka,Bengaluru,Mobile Arm 3,Electronics,Mobiles,26804.27,31521.39,Michael Roberson,Consumer,4.3,990,,,Online,3,93803.43,29676.22,80412.81,-16285.6,22.92,64127.20999999999,UPI,0
81260,ORD-2022-051951,1,2022-01-23,2022,Q1,1,January,West,India,Madhya Pradesh,Indore,Mobile Arm 3,Electronics,Mobiles,26804.27,31521.39,David Fernandez,Corporate,3.9,6212,,,Marketplace,1,31574.13,4472.11,26804.27,297.75,63.2,27102.02,Wire Transfer,1
81779,ORD-2022-052287,1,2022-11-27,2022,Q4,11,November,North,India,Delhi,New Delhi,Mobile Arm 3,Electronics,Mobiles,26804.27,31521.39,Latoya Nelson,Consumer,3.4,7274,Alison Miller,19.0,Retail Store,3,95318.27,3914.92,80412.81,10990.54,23.8,91403.35,COD,0
82154,ORD-2023-052526,1,2023-09-01,2023,Q3,9,September,East,India,West Bengal,Kolkata,Mobile Arm 3,Electronics,Mobiles,26804.27,31521.39,Ariel Taylor,Consumer,3.3,7342,Noah Briggs,64.0,Retail Store,5,158403.67,8269.91,134021.35,16112.41,21.26,150133.76,Credit Card,0
83222,ORD-2024-053184,3,2024-11-10,2024,Q4,11,November,South,India,Telangana,Hyderabad,Mobile Arm 3,Electronics,Mobiles,26804.27,31521.39,Haley Mccoy,Consumer,4.2,4791,,,Online,1,31749.41,4346.41,26804.27,598.73,27.51,27403.0,UPI,0
83565,ORD-2023-053401,2,2023-11-13,2023,Q4,11,November,East,India,West Bengal,Kolkata,Mobile Arm 3,Electronics,Mobiles,26804.27,31521.39,Lisa Haley,Corporate,2.9,1073,Eric Parker,87.0,Retail Store,1,31392.13,1172.75,26804.27,3415.11,21.11,30219.38,COD,0
83611,ORD-2024-053430,1,2024-04-12,2024,Q2,4,April,South,India,Kerala,Kochi,Mobile Arm 3,Electronics,Mobiles,26804.27,31521.39,Tyler Patel,Corporate,3.7,6078,Jessica Lane,20.0,Distributor,2,61837.34,5227.94,53608.54,3000.86,81.55,56609.399999999994,Wire Transfer,0
85212,ORD-2024-054470,2,2024-07-24,2024,Q3,7,July,South,India,Telangana,Hyderabad,Mobile Arm 3,Electronics,Mobiles,26804.27,31521.39,Denise Wiley,Consumer,3.4,6711,,,Online,2,62431.06,6099.59,53608.54,2722.93,17.52,56331.47,COD,0
85459,ORD-2025-054634,1,2025-09-23,2025,Q3,9,September,North,India,Delhi,New Delhi,Mobile Arm 3,Electronics,Mobiles,26804.27,31521.39,Manuel Robinson,Consumer,3.0,2788,,,Online,3,94762.84,9871.33,80412.81,4478.7,23.93,84891.51,Net Banking,0
85519,ORD-2023-054677,1,2023-10-05,2023,Q4,10,October,West,India,Maharashtra,Mumbai,Mobile Arm 3,Electronics,Mobiles,26804.27,31521.39,Robert Ellison,Consumer,3.3,5433,,,Marketplace,3,95640.71,14451.75,80412.81,776.15,23.5,81188.96,Wire Transfer,0
85912,ORD-2023-054932,1,2023-05-23,2023,Q2,5,May,South,India,Telangana,Hyderabad,Mobile Arm 3,Electronics,Mobiles,26804.27,31521.39,Laura Mosley,Consumer,3.6,5343,,,Marketplace,2,62670.19,10760.14,53608.54,-1698.49,23.51,51910.05,Credit Card,0
86223,ORD-2023-055142,1,2023-05-11,2023,Q2,5,May,West,India,Goa,Panaji,Mobile Arm 3,Electronics,Mobiles,26804.27,31521.39,Jack Jacobs,Consumer,4.3,7846,,,Online,1,31207.88,2090.55,26804.27,2313.06,82.86,29117.33,Credit Card,0
86662,ORD-2023-055441,2,2023-01-15,2023,Q1,1,January,South,India,Telangana,Hyderabad,Mobile Arm 3,Electronics,Mobiles,26804.27,31521.39,Shari Ray,Consumer,2.5,1922,Erin Aguirre,109.0,Retail Store,4,126159.83,6418.43,107217.08,12524.32,21.82,119741.4,UPI,0
86979,ORD-2024-055645,1,2024-09-20,2024,Q3,9,September,East,India,West Bengal,Kolkata,Mobile Arm 3,Electronics,Mobiles,26804.27,31521.39,Cody Hart,Consumer,2.6,7742,,,Online,1,30981.29,9773.57,26804.27,-5596.55,24.6,21207.72,COD,0
87460,ORD-2024-055958,1,2024-10-27,2024,Q4,10,October,South,India,Tamil Nadu,Chennai,Mobile Arm 3,Electronics,Mobiles,26804.27,31521.39,Tammy Estrada,Consumer,4.8,7737,Jesse Yang,89.0,Distributor,3,94379.51,8055.93,80412.81,5910.77,23.18,86323.57999999999,COD,0
87617,ORD-2024-056062,1,2024-11-21,2024,Q4,11,November,North,India,Punjab,Chandigarh,Mobile Arm 3,Electronics,Mobiles,26804.27,31521.39,Alex Clements,Consumer,4.0,3503,Alison Delacruz,48.0,Distributor,3,94071.09,12100.15,80412.81,1558.13,82.11,81970.94,Net Banking,0
88155,ORD-2022-056408,1,2022-08-20,2022,Q3,8,August,East,India,Jharkhand,Ranchi,Mobile Arm 3,Electronics,Mobiles,26804.27,31521.39,Justin Mcbride,Corporate,3.9,2573,,,Online,4,123804.26,21670.75,107217.08,-5083.57,68.39,102133.51,Credit Card,0
88243,ORD-2025-056462,1,2025-12-28,2025,Q4,12,December,South,India,Kerala,Kochi,Mobile Arm 3,Electronics,Mobiles,26804.27,31521.39,Angela Richards,Corporate,3.2,6540,,,Online,2,61945.51,4501.57,53608.54,3835.4,78.11,57443.94,Credit Card,0
88319,ORD-2022-056513,2,2022-08-30,2022,Q3,8,August,North,India,Delhi,New Delhi,Mobile Arm 3,Electronics,Mobiles,26804.27,31521.39,Andrew Anderson,Consumer,3.2,2008,Alison Miller,19.0,Retail Store,1,31493.02,1108.52,26804.27,3580.23,26.41,30384.5,COD,0
88649,ORD-2022-056729,1,2022-02-10,2022,Q1,2,February,North,India,Uttar Pradesh,Lucknow,Mobile Arm 3,Electronics,Mobiles,26804.27,31521.39,Jeffrey Mills,Consumer,4.3,272,,,Marketplace,2,63894.61,6391.32,53608.54,3894.75,52.45,57503.29,COD,0
89241,ORD-2022-057112,1,2022-04-02,2022,Q2,4,April,West,India,Maharashtra,Mumbai,Mobile Arm 3,Electronics,Mobiles,26804.27,31521.39,Jimmy Marks,Corporate,3.0,872,Shawn Patel,86.0,Online,4,125494.09,17595.51,107217.08,681.5,26.76,107898.58,Credit Card,0
89357,ORD-2024-057182,1,2024-03-23,2024,Q1,3,March,West,India,Goa,Panaji,Mobile Arm 3,Electronics,Mobiles,26804.27,31521.39,Brian Nichols,Consumer,3.8,7401,,,Online,5,158604.21,13101.44,134021.35,11481.42,72.44,145502.77,Credit Card,0
89496,ORD-2025-057273,1,2025-06-16,2025,Q2,6,June,Central,India,Chhattisgarh,Raipur,Mobile Arm 3,Electronics,Mobiles,26804.27,31521.39,Brandon Pena,Consumer,4.0,7664,,,Online,2,63985.25,3317.42,53608.54,7059.29,52.92,60667.83,UPI,0
89670,ORD-2023-057377,1,2023-02-11,2023,Q1,2,February,South,India,Telangana,Hyderabad,Mobile Arm 3,Electronics,Mobiles,26804.27,31521.39,David Davenport,Consumer,3.5,569,,,Online,3,94392.54,7023.5,80412.81,6956.23,21.67,87369.04,COD,0
89747,ORD-2025-057432,3,2025-06-30,2025,Q2,6,June,East,India,Assam,Guwahati,Mobile Arm 3,Electronics,Mobiles,26804.27,31521.39,Matthew Davis,Corporate,4.1,1735,Shannon Ryan,11.0,Online,3,94220.72,7801.95,80412.81,6005.96,63.02,86418.77,Credit Card,0
90507,ORD-2022-057916,1,2022-08-29,2022,Q3,8,August,East,India,Jharkhand,Ranchi,Mobile Arm 3,Electronics,Mobiles,26804.27,31521.39,Bradley Hoffman,Consumer,3.8,6268,Nathan Miles,80.0,Retail Store,4,124000.94,2393.11,107217.08,14390.75,69.22,121607.83,Wire Transfer,0
91078,ORD-2022-058282,2,2022-09-05,2022,Q3,9,September,West,India,Maharashtra,Mumbai,Mobile Arm 3,Electronics,Mobiles,26804.27,31521.39,Michael Lee,SMB,4.3,5634,Vanessa Boone,120.0,Distributor,4,124820.87,2988.73,107217.08,14615.06,18.52,121832.14,UPI,0
91502,ORD-2023-058562,2,2023-08-29,2023,Q3,8,August,North,India,Uttar Pradesh,Lucknow,Mobile Arm 3,Electronics,Mobiles,26804.27,31521.39,Erica Porter,Consumer,4.0,4313,,,Online,1,31164.83,3645.38,26804.27,715.18,80.86,27519.45,Net Banking,0
91916,ORD-2022-058839,1,2022-09-29,2022,Q3,9,September,North,India,Delhi,New Delhi,Mobile Arm 3,Electronics,Mobiles,26804.27,31521.39,Jacob Hoover,Consumer,3.7,4168,Alison Miller,19.0,Retail Store,4,124326.43,20319.94,107217.08,-3210.59,17.63,104006.48999999999,Credit Card,0
92305,ORD-2023-059079,1,2023-03-04,2023,Q1,3,March,South,India,Telangana,Hyderabad,Mobile Arm 3,Electronics,Mobiles,26804.27,31521.39,Denise Maxwell,Consumer,3.7,1432,,,Online,2,62007.0,3623.22,53608.54,4775.24,27.02,58383.78,UPI,0
93976,ORD-2022-060186,1,2022-05-10,2022,Q2,5,May,West,India,Maharashtra,Pune,Mobile Arm 3,Electronics,Mobiles,26804.27,31521.39,Victor Yates,Consumer,4.6,5233,Megan Hernandez,31.0,Retail Store,3,95884.89,5066.92,80412.81,10405.16,24.01,90817.97,UPI,0
94556,ORD-2024-060555,4,2024-10-02,2024,Q4,10,October,East,India,Odisha,Bhubaneswar,Mobile Arm 3,Electronics,Mobiles,26804.27,31521.39,Rebecca Dean,Consumer,4.5,6754,,,Marketplace,1,32103.08,3081.7,26804.27,2217.11,54.12,29021.38,Credit Card,0
94852,ORD-2022-060751,2,2022-07-18,2022,Q3,7,July,East,India,Jharkhand,Ranchi,Mobile Arm 3,Electronics,Mobiles,26804.27,31521.39,Cheryl Turner,Consumer,4.1,2072,Nathan Miles,80.0,Retail Store,2,62200.38,4359.15,53608.54,4232.69,68.03,57841.229999999996,Credit Card,0
94861,ORD-2022-060755,2,2022-08-29,2022,Q3,8,August,West,India,Madhya Pradesh,Indore,Mobile Arm 3,Electronics,Mobiles,26804.27,31521.39,Ashley Hunt,Consumer,4.5,4500,Jordan Harper,29.0,Distributor,5,158757.0,29006.02,134021.35,-4270.37,52.91,129750.98,UPI,0
95203,ORD-2024-060970,2,2024-03-31,2024,Q1,3,March,South,India,Tamil Nadu,Chennai,Mobile Arm 3,Electronics,Mobiles,26804.27,31521.39,Gregory Martin,Consumer,2.6,5491,Garrett Thomas,26.0,Online,1,30944.33,2643.64,26804.27,1496.42,22.42,28300.690000000002,UPI,0
95788,ORD-2024-061346,4,2024-05-28,2024,Q2,5,May,East,India,West Bengal,Kolkata,Mobile Arm 3,Electronics,Mobiles,26804.27,31521.39,Carl Rubio,Corporate,4.0,4945,,,Online,2,62801.02,6998.75,53608.54,2193.73,27.3,55802.27,Net Banking,0
96065,ORD-2025-061509,1,2025-05-24,2025,Q2,5,May,West,India,Maharashtra,Pune,Mobile Arm 3,Electronics,Mobiles,26804.27,31521.39,Stephen Hoffman,Corporate,3.1,172,Megan Hernandez,31.0,Retail Store,2,63678.41,1140.05,53608.54,8929.82,20.26,62538.36,Credit Card,0
96426,ORD-2023-061733,2,2023-09-08,2023,Q3,9,September,West,India,Maharashtra,Pune,Mobile Arm 3,Electronics,Mobiles,26804.27,31521.39,Angela May MD,Consumer,3.1,1586,,,Online,2,63783.13,5347.8,53608.54,4826.79,26.28,58435.329999999994,UPI,0
96742,ORD-2025-061929,1,2025-07-24,2025,Q3,7,July,West,India,Maharashtra,Pune,Mobile Arm 3,Electronics,Mobiles,26804.27,31521.39,Ariel Sandoval,Consumer,4.3,801,,,Marketplace,1,31924.97,5583.2,26804.27,-462.5,21.58,26341.77,Net Banking,0
96790,ORD-2024-061954,3,2024-10-13,2024,Q4,10,October,East,India,Assam,Guwahati,Mobile Arm 3,Electronics,Mobiles,26804.27,31521.39,Alyssa Guerra,Corporate,3.9,6428,,,Online,1,30941.9,2646.09,26804.27,1491.54,80.5,28295.81,COD,0
96963,ORD-2025-062068,2,2025-04-28,2025,Q2,4,April,West,India,Maharashtra,Pune,Mobile Arm 3,Electronics,Mobiles,26804.27,31521.39,Jeremy Wallace,Consumer,4.1,5414,,,Online,2,63675.69,5327.31,53608.54,4739.84,27.29,58348.380000000005,Credit Card,0
97031,ORD-2025-062113,2,2025-10-08,2025,Q4,10,October,South,India,Tamil Nadu,Chennai,Mobile Arm 3,Electronics,Mobiles,26804.27,31521.39,Nicole Williams,Corporate,5.0,4530,,,Online,1,30926.2,2298.87,26804.27,1823.06,22.78,28627.33,COD,0
98870,ORD-2025-063331,1,2025-08-01,2025,Q3,8,August,East,India,Odisha,Bhubaneswar,Mobile Arm 3,Electronics,Mobiles,26804.27,31521.39,Austin Snyder,SMB,4.0,7056,Tyler Green,62.0,Retail Store,2,62809.34,1596.2,53608.54,7604.6,63.51,61213.14,Net Banking,0
98955,ORD-2025-063378,3,2025-01-29,2025,Q1,1,January,East,India,Bihar,Patna,Mobile Arm 3,Electronics,Mobiles,26804.27,31521.39,Michael Rodriguez,Consumer,3.7,3084,,,Online,1,31715.92,3881.12,26804.27,1030.53,69.1,27834.8,Credit Card,0
99193,ORD-2025-063532,1,2025-09-06,2025,Q3,9,September,East,India,West Bengal,Kolkata,Mobile Arm 3,Electronics,Mobiles,26804.27,31521.39,Guy Reynolds,Corporate,4.5,3527,Noah Briggs,64.0,Retail Store,1,31489.18,2670.51,26804.27,2014.4,18.82,28818.67,UPI,0
99381,ORD-2025-063643,3,2025-01-01,2025,Q1,1,January,West,India,Maharashtra,Mumbai,Mobile Arm 3,Electronics,Mobiles,26804.27,31521.39,Kyle Watkins,Corporate,3.6,1541,Erin Mcdowell,105.0,Online,1,31765.07,1681.78,26804.27,3279.02,26.68,30083.29,Net Banking,0
100234,ORD-2024-064189,2,2024-05-27,2024,Q2,5,May,South,India,Karnataka,Bengaluru,Mobile Arm 3,Electronics,Mobiles,26804.27,31521.39,Mary Copeland,Corporate,3.5,3783,Nicole Baker,6.0,Distributor,1,31182.61,1786.04,26804.27,2592.3,26.94,29396.57,Credit Card,0
100631,ORD-2022-064446,1,2022-05-19,2022,Q2,5,May,West,India,Maharashtra,Mumbai,Mobile Arm 3,Electronics,Mobiles,26804.27,31521.39,Jeffrey Taylor,Consumer,4.6,6573,,,Marketplace,1,31645.85,2701.36,26804.27,2140.22,22.09,28944.489999999998,Net Banking,0
100803,ORD-2025-064565,1,2025-06-04,2025,Q2,6,June,South,India,Andhra Pradesh,Visakhapatnam,Mobile Arm 3,Electronics,Mobiles,26804.27,31521.39,Nathaniel Gilbert,Corporate,3.1,1503,Jeremy Turner,9.0,Distributor,9,284944.26,4978.54,241238.43,38727.29,76.26,279965.72000000003,COD,0
100868,ORD-2024-064602,1,2024-06-15,2024,Q2,6,June,North,India,Delhi,New Delhi,Mobile Arm 3,Electronics,Mobiles,26804.27,31521.39,Jeremy Dalton,Corporate,4.3,75,,,Online,3,93739.34,6578.41,80412.81,6748.12,26.04,87160.93,COD,0
101006,ORD-2024-064697,1,2024-10-25,2024,Q4,10,October,West,India,Maharashtra,Mumbai,Mobile Arm 3,Electronics,Mobiles,26804.27,31521.39,Thomas Waters,Consumer,3.1,7918,,,Online,2,63146.71,6492.44,53608.54,3045.73,21.88,56654.27,UPI,0
101033,ORD-2025-064709,2,2025-06-30,2025,Q2,6,June,East,India,Assam,Guwahati,Mobile Arm 3,Electronics,Mobiles,26804.27,31521.39,Austin Perez,Consumer,3.1,7181,,,Online,2,63712.52,10648.32,53608.54,-544.34,71.55,53064.2,UPI,0
101333,ORD-2025-064891,2,2025-12-09,2025,Q4,12,December,East,India,West Bengal,Kolkata,Mobile Arm 3,Electronics,Mobiles,26804.27,31521.39,Ashley Wilson,Consumer,4.1,3926,,,Online,2,63368.29,7871.7,53608.54,1888.05,18.83,55496.590000000004,Credit Card,0
101505,ORD-2025-065000,1,2025-05-15,2025,Q2,5,May,Central,India,Uttarakhand,Dehradun,Mobile Arm 3,Electronics,Mobiles,26804.27,31521.39,Mary Miller,Consumer,3.7,1418,,,Marketplace,3,93714.63,10911.23,80412.81,2390.59,66.29,82803.40000000001,UPI,0
102035,ORD-2025-065331,2,2025-11-24,2025,Q4,11,November,East,India,West Bengal,Kolkata,Mobile Arm 3,Electronics,Mobiles,26804.27,31521.39,Jack Mills,Corporate,4.0,1463,,,Online,5,155604.39,15864.21,134021.35,5718.83,25.67,139740.18000000002,UPI,0
102416,ORD-2022-065574,2,2022-07-31,2022,Q3,7,July,South,India,Tamil Nadu,Chennai,Mobile Arm 3,Electronics,Mobiles,26804.27,31521.39,Laurie Carter,Consumer,4.6,2936,Jesse Yang,89.0,Distributor,1,31573.09,6271.59,26804.27,-1502.77,21.67,25301.5,Wire Transfer,0
102967,ORD-2025-065921,1,2025-11-08,2025,Q4,11,November,South,India,Tamil Nadu,Chennai,Mobile Arm 3,Electronics,Mobiles,26804.27,31521.39,Thomas Rodriguez,Consumer,3.3,3646,Garrett Thomas,26.0,Retail Store,1,31853.38,1576.9,26804.27,3472.21,19.9,30276.48,Net Banking,0
103120,ORD-2025-066030,1,2025-02-05,2025,Q1,2,February,North,India,Rajasthan,Jaipur,Mobile Arm 3,Electronics,Mobiles,26804.27,31521.39,Michael Scott,Consumer,3.7,5941,,,Marketplace,4,127175.25,15962.08,107217.08,3996.09,81.1,111213.17,COD,0
103454,ORD-2024-066240,2,2024-09-15,2024,Q3,9,September,East,India,West Bengal,Kolkata,Mobile Arm 3,Electronics,Mobiles,26804.27,31521.39,Mary Adkins,Consumer,4.3,1185,Noah Briggs,64.0,Retail Store,8,254504.26,0.0,214434.16,40070.1,20.34,254504.26,Credit Card,1
104270,ORD-2025-066767,2,2025-07-28,2025,Q3,7,July,West,India,Goa,Panaji,Mobile Arm 3,Electronics,Mobiles,26804.27,31521.39,Jesse Johnson,Consumer,4.8,7761,Cindy Garza,88.0,Retail Store,3,93041.27,9289.05,80412.81,3339.41,56.37,83752.22,COD,0
104412,ORD-2023-066855,1,2023-03-06,2023,Q1,3,March,North,India,Rajasthan,Jaipur,Mobile Arm 3,Electronics,Mobiles,26804.27,31521.39,Katie Kaiser,Corporate,3.5,4758,Roger Johnson,45.0,Distributor,1,31027.48,3788.61,26804.27,434.6,53.73,27238.87,UPI,0
104489,ORD-2024-066900,1,2024-04-15,2024,Q2,4,April,West,India,Madhya Pradesh,Indore,Mobile Arm 3,Electronics,Mobiles,26804.27,31521.39,Michelle Wilson,Consumer,4.5,3241,Olivia Williams,25.0,Distributor,1,31717.57,3080.02,26804.27,1833.28,69.44,28637.55,Net Banking,0
105354,ORD-2022-067441,1,2022-02-19,2022,Q1,2,February,North,India,Delhi,New Delhi,Mobile Arm 3,Electronics,Mobiles,26804.27,31521.39,Rebecca Lee,Consumer,3.2,3322,,,Marketplace,3,94520.83,13679.78,80412.81,428.24,23.88,80841.05,Credit Card,0
105454,ORD-2022-067502,2,2022-02-20,2022,Q1,2,February,Central,India,Chhattisgarh,Raipur,Mobile Arm 3,Electronics,Mobiles,26804.27,31521.39,Anthony Scott,Corporate,3.1,6721,Douglas Howard,35.0,Retail Store,1,30935.48,2474.35,26804.27,1656.86,73.21,28461.13,Credit Card,1
106366,ORD-2023-068080,2,2023-07-14,2023,Q3,7,July,West,India,Madhya Pradesh,Indore,Mobile Arm 3,Electronics,Mobiles,26804.27,31521.39,Wayne Wolfe,SMB,4.3,1274,Justin Jones,7.0,Retail Store,1,31482.69,2174.56,26804.27,2503.86,54.98,29308.129999999997,Net Banking,0
106902,ORD-2023-068416,1,2023-07-10,2023,Q3,7,July,West,India,Maharashtra,Mumbai,Mobile Arm 3,Electronics,Mobiles,26804.27,31521.39,Susan Zimmerman,Consumer,3.6,3888,,,Online,1,31022.66,2565.63,26804.27,1652.76,19.64,28457.03,UPI,0
107108,ORD-2024-068559,2,2024-06-11,2024,Q2,6,June,South,India,Kerala,Kochi,Mobile Arm 3,Electronics,Mobiles,26804.27,31521.39,Olivia Ayers,Consumer,3.6,875,Steven Cannon,114.0,Retail Store,4,128600.31,13223.5,107217.08,8159.73,69.41,115376.81,Wire Transfer,0
108455,ORD-2022-069444,1,2022-01-07,2022,Q1,1,January,North,India,Uttar Pradesh,Lucknow,Mobile Arm 3,Electronics,Mobiles,26804.27,31521.39,Denise Combs,Consumer,3.8,7335,Jenny Sanchez,58.0,Retail Store,1,31853.88,1589.77,26804.27,3459.84,67.94,30264.11,Credit Card,0
108481,ORD-2024-069459,2,2024-09-19,2024,Q3,9,September,North,India,Delhi,New Delhi,Mobile Arm 3,Electronics,Mobiles,26804.27,31521.39,Jodi Thomas,Consumer,4.6,4053,Alison Miller,19.0,Distributor,3,92853.26,24033.72,80412.81,-11593.27,22.84,68819.54,Credit Card,0
108525,ORD-2024-069483,4,2024-11-03,2024,Q4,11,November,East,India,Bihar,Patna,Mobile Arm 3,Electronics,Mobiles,26804.27,31521.39,Joseph Smith,Consumer,2.9,5333,Robert Bailey,102.0,Retail Store,1,31575.96,3065.91,26804.27,1705.78,71.29,28510.05,UPI,0
108863,ORD-2024-069693,2,2024-12-11,2024,Q4,12,December,South,India,Tamil Nadu,Chennai,Mobile Arm 3,Electronics,Mobiles,26804.27,31521.39,Samantha Walker,Corporate,4.3,4915,,,Online,5,160010.76,15265.68,134021.35,10723.73,18.93,144745.08000000002,Credit Card,0
108918,ORD-2024-069729,1,2024-12-28,2024,Q4,12,December,West,India,Gujarat,Ahmedabad,Mobile Arm 3,Electronics,Mobiles,26804.27,31521.39,Frank Fitzgerald,Corporate,3.6,6363,Christopher Wilson,104.0,Online,2,62073.9,8135.9,53608.54,329.46,73.59,53938.0,Wire Transfer,0
109252,ORD-2022-069947,1,2022-09-25,2022,Q3,9,September,North,India,Delhi,New Delhi,Mobile Arm 3,Electronics,Mobiles,26804.27,31521.39,Mr. Jeffrey Duncan,Consumer,2.8,2565,,,Online,1,31842.45,4155.08,26804.27,883.1,18.53,27687.370000000003,Credit Card,1
109267,ORD-2023-069957,1,2023-04-14,2023,Q2,4,April,South,India,Kerala,Kochi,Mobile Arm 3,Electronics,Mobiles,26804.27,31521.39,Dr. Steve James,Corporate,4.4,1254,Jason Riggs,60.0,Distributor,1,31634.67,2802.36,26804.27,2028.04,75.81,28832.309999999998,UPI,0
109598,ORD-2023-070163,1,2023-09-08,2023,Q3,9,September,Central,India,Uttar Pradesh,Kanpur,Mobile Arm 3,Electronics,Mobiles,26804.27,31521.39,Richard Bass,Consumer,4.0,4564,,,Online,2,63945.62,5982.68,53608.54,4354.4,82.2,57962.94,Wire Transfer,0
110757,ORD-2024-070917,3,2024-01-08,2024,Q1,1,January,East,India,Odisha,Bhubaneswar,Mobile Arm 3,Electronics,Mobiles,26804.27,31521.39,Karen Mitchell,Corporate,3.2,7856,Suzanne Lambert,61.0,Retail Store,1,31807.69,1699.31,26804.27,3304.11,56.3,30108.379999999997,Credit Card,0
111417,ORD-2025-071341,1,2025-08-12,2025,Q3,8,August,South,India,Karnataka,Bengaluru,Mobile Arm 3,Electronics,Mobiles,26804.27,31521.39,Gina Spencer,Consumer,2.9,2295,,,Online,2,63277.29,7489.34,53608.54,2179.41,20.85,55787.95,UPI,0
111479,ORD-2024-071378,1,2024-03-15,2024,Q1,3,March,South,India,Kerala,Kochi,Mobile Arm 3,Electronics,Mobiles,26804.27,31521.39,Jeffery Davis,Consumer,3.6,2053,Jessica Lane,20.0,Retail Store,3,94332.88,3584.62,80412.81,10335.45,77.19,90748.26000000001,UPI,0
111728,ORD-2023-071538,1,2023-12-14,2023,Q4,12,December,South,India,Tamil Nadu,Chennai,Mobile Arm 3,Electronics,Mobiles,26804.27,31521.39,Catherine Shannon,Consumer,3.7,3994,,,Online,1,31221.29,5866.67,26804.27,-1449.65,24.24,25354.620000000003,COD,0
111789,ORD-2025-071573,1,2025-01-12,2025,Q1,1,January,West,India,Maharashtra,Mumbai,Mobile Arm 3,Electronics,Mobiles,26804.27,31521.39,Edwin Brown,Consumer,3.6,935,Shannon Hernandez,23.0,Retail Store,4,123957.56,16923.54,107217.08,-183.06,20.33,107034.01999999999,UPI,0
111799,ORD-2022-071580,1,2022-10-25,2022,Q4,10,October,Central,India,Uttarakhand,Dehradun,Mobile Arm 3,Electronics,Mobiles,26804.27,31521.39,Jessica Castro,Consumer,3.7,7566,,,Online,1,31310.84,6930.13,26804.27,-2423.56,79.24,24380.71,UPI,0
111831,ORD-2022-071599,1,2022-02-26,2022,Q1,2,February,Central,India,Uttarakhand,Dehradun,Mobile Arm 3,Electronics,Mobiles,26804.27,31521.39,Nancy Gaines,Consumer,4.0,2332,,,Online,3,94757.86,10537.92,80412.81,3807.13,55.98,84219.94,COD,0
113600,ORD-2024-072723,1,2024-09-20,2024,Q3,9,September,West,India,Maharashtra,Mumbai,Mobile Arm 3,Electronics,Mobiles,26804.27,31521.39,Edwin Brown,Consumer,3.6,935,Tammy Nguyen,2.0,Online,1,31283.21,4313.55,26804.27,165.39,23.62,26969.66,UPI,0
113693,ORD-2025-072776,4,2025-10-12,2025,Q4,10,October,South,India,Telangana,Hyderabad,Mobile Arm 3,Electronics,Mobiles,26804.27,31521.39,Kevin Wilson,Consumer,3.3,7373,Eric Camacho,97.0,Retail Store,1,32121.61,530.16,26804.27,4787.18,21.0,31591.45,Credit Card,0
113976,ORD-2023-072951,1,2023-08-11,2023,Q3,8,August,North,India,Delhi,New Delhi,Mobile Arm 3,Electronics,Mobiles,26804.27,31521.39,Laura Hill,Consumer,3.7,2563,Alison Miller,19.0,Distributor,2,63737.82,5592.28,53608.54,4537.0,27.66,58145.54,Net Banking,0
114057,ORD-2022-073007,1,2022-04-06,2022,Q2,4,April,North,India,Delhi,New Delhi,Mobile Arm 3,Electronics,Mobiles,26804.27,31521.39,Gregory Harrell,SMB,3.9,2168,Alison Miller,19.0,Online,1,31411.55,10029.95,26804.27,-5422.67,26.18,21381.6,Net Banking,0
114488,ORD-2024-073298,1,2024-09-15,2024,Q3,9,September,West,India,Maharashtra,Pune,Mobile Arm 3,Electronics,Mobiles,26804.27,31521.39,Peter Campbell,Consumer,3.1,5811,Rachel Castillo,94.0,Online,1,32119.59,2912.54,26804.27,2402.78,19.64,29207.05,UPI,0
114646,ORD-2022-073409,2,2022-08-23,2022,Q3,8,August,East,India,Bihar,Patna,Mobile Arm 3,Electronics,Mobiles,26804.27,31521.39,Dorothy Osborn,Consumer,4.2,5655,,,Marketplace,1,31028.32,3987.62,26804.27,236.43,81.17,27040.7,COD,0
115061,ORD-2023-073672,4,2023-10-06,2023,Q4,10,October,South,India,Tamil Nadu,Chennai,Mobile Arm 3,Electronics,Mobiles,26804.27,31521.39,Kenneth Murphy,SMB,3.7,4864,Olivia Russell,16.0,Online,1,32046.61,3902.57,26804.27,1339.77,21.88,28144.04,Credit Card,0
115946,ORD-2023-074251,2,2023-02-10,2023,Q1,2,February,Central,India,Madhya Pradesh,Bhopal,Mobile Arm 3,Electronics,Mobiles,26804.27,31521.39,Andrew Chavez,Corporate,5.0,5085,Eric Harris DVM,98.0,Online,1,31391.09,4701.94,26804.27,-115.12,65.9,26689.15,UPI,1
116027,ORD-2024-074304,1,2024-03-06,2024,Q1,3,March,West,India,Gujarat,Ahmedabad,Mobile Arm 3,Electronics,Mobiles,26804.27,31521.39,Stephanie Stone,Consumer,4.9,2465,Henry Brooks,100.0,Retail Store,7,224220.35,27511.02,187629.89,9079.44,66.02,196709.33000000002,Credit Card,0
116301,ORD-2024-074474,3,2024-09-09,2024,Q3,9,September,North,India,Rajasthan,Jaipur,Mobile Arm 3,Electronics,Mobiles,26804.27,31521.39,Robert Jones,Consumer,4.1,7183,Thomas Garcia,118.0,Distributor,1,32129.25,1516.79,26804.27,3808.19,60.5,30612.46,UPI,1
116313,ORD-2025-074483,1,2025-12-29,2025,Q4,12,December,East,India,West Bengal,Kolkata,Mobile Arm 3,Electronics,Mobiles,26804.27,31521.39,Earl Hall,Consumer,3.3,4318,,,Online,1,31952.48,972.6,26804.27,4175.61,22.53,30979.88,UPI,0
116806,ORD-2023-074810,1,2023-12-28,2023,Q4,12,December,North,India,Uttar Pradesh,Lucknow,Mobile Arm 3,Electronics,Mobiles,26804.27,31521.39,Stephen Mitchell,Consumer,4.6,6585,Jenny Sanchez,58.0,Retail Store,6,186266.76,17137.84,160825.62,8303.3,54.43,169128.92,COD,0
116881,ORD-2025-074860,1,2025-06-16,2025,Q2,6,June,South,India,Telangana,Hyderabad,Mobile Arm 3,Electronics,Mobiles,26804.27,31521.39,Patrick Hooper,Consumer,5.0,4608,,,Online,1,31502.68,3988.19,26804.27,710.22,26.33,27514.49,Net Banking,0
116966,ORD-2022-074913,1,2022-12-01,2022,Q4,12,December,South,India,Kerala,Kochi,Mobile Arm 3,Electronics,Mobiles,26804.27,31521.39,Craig Liu,Corporate,3.9,3282,,,Online,1,31754.23,2855.19,26804.27,2094.77,59.81,28899.04,COD,0
117313,ORD-2025-075130,1,2025-01-30,2025,Q1,1,January,East,India,Jharkhand,Ranchi,Mobile Arm 3,Electronics,Mobiles,26804.27,31521.39,Jordan Chambers,Consumer,4.5,169,Nathan Miles,80.0,Distributor,2,62359.95,3585.43,53608.54,5165.98,60.68,58774.52,Net Banking,1
117782,ORD-2025-075438,4,2025-03-25,2025,Q1,3,March,South,India,Tamil Nadu,Chennai,Mobile Arm 3,Electronics,Mobiles,26804.27,31521.39,Parker Brown,Corporate,3.1,7568,Dylan Baker,56.0,Retail Store,5,156854.53,13415.57,134021.35,9417.61,22.41,143438.96,COD,0
117827,ORD-2024-075462,1,2024-04-11,2024,Q2,4,April,West,India,Maharashtra,Pune,Mobile Arm 3,Electronics,Mobiles,26804.27,31521.39,Michael Haas,Consumer,3.2,5817,Rachel Castillo,94.0,Distributor,2,62766.72,5243.17,53608.54,3915.01,22.28,57523.55,UPI,0
118098,ORD-2022-075632,2,2022-11-01,2022,Q4,11,November,West,India,Madhya Pradesh,Indore,Mobile Arm 3,Electronics,Mobiles,26804.27,31521.39,Joseph Moon,Consumer,2.6,4004,Olivia Williams,25.0,Distributor,3,93808.75,12659.87,80412.81,736.07,61.05,81148.88,UPI,0
118116,ORD-2025-075641,4,2025-11-05,2025,Q4,11,November,West,India,Maharashtra,Pune,Mobile Arm 3,Electronics,Mobiles,26804.27,31521.39,Stephanie Livingston,Consumer,4.4,4366,Lisa Henderson,84.0,Retail Store,3,95767.47,3571.92,80412.81,11782.74,17.58,92195.55,Credit Card,0
119014,ORD-2023-076201,1,2023-08-18,2023,Q3,8,August,North,India,Delhi,New Delhi,Mobile Arm 3,Electronics,Mobiles,26804.27,31521.39,Kimberly Norton,Corporate,3.9,1743,,,Online,1,31185.69,4145.82,26804.27,235.6,25.51,27039.87,Credit Card,0
119081,ORD-2024-076247,1,2024-09-30,2024,Q3,9,September,East,India,West Bengal,Kolkata,Mobile Arm 3,Electronics,Mobiles,26804.27,31521.39,Jon Gonzalez,Consumer,4.6,6498,Noah Briggs,64.0,Online,1,31512.18,2951.99,26804.27,1755.92,19.9,28560.190000000002,Credit Card,0
119324,ORD-2022-076408,1,2022-12-12,2022,Q4,12,December,Central,India,Madhya Pradesh,Bhopal,Mobile Arm 3,Electronics,Mobiles,26804.27,31521.39,William Barrett,Corporate,3.6,151,,,Online,2,62755.54,5574.26,53608.54,3572.74,74.75,57181.28,Credit Card,0
121656,ORD-2022-077886,3,2022-09-15,2022,Q3,9,September,North,India,Punjab,Chandigarh,Mobile Arm 3,Electronics,Mobiles,26804.27,31521.39,Kimberly Taylor,Consumer,3.0,3718,,,Marketplace,1,31517.08,5644.42,26804.27,-931.61,68.96,25872.660000000003,COD,0
121758,ORD-2025-077954,1,2025-06-18,2025,Q2,6,June,West,India,Madhya Pradesh,Indore,Mobile Arm 3,Electronics,Mobiles,26804.27,31521.39,Joseph Graves PhD,SMB,3.9,2602,,,Online,3,95361.57,8524.75,80412.81,6424.01,62.47,86836.82,Credit Card,1
122513,ORD-2022-078435,1,2022-11-29,2022,Q4,11,November,West,India,Maharashtra,Pune,Mobile Arm 3,Electronics,Mobiles,26804.27,31521.39,Kimberly Santos,Corporate,3.1,7120,,,Online,1,31798.13,2938.85,26804.27,2055.01,19.11,28859.280000000002,Credit Card,0
122752,ORD-2024-078581,2,2024-09-26,2024,Q3,9,September,North,India,Haryana,Gurugram,Mobile Arm 3,Electronics,Mobiles,26804.27,31521.39,Mary Daniels,Consumer,3.3,4871,Latoya Fitzgerald,67.0,Distributor,6,189926.22,7044.04,160825.62,22056.56,63.5,182882.18,UPI,0
122828,ORD-2023-078625,1,2023-11-26,2023,Q4,11,November,South,India,Telangana,Hyderabad,Mobile Arm 3,Electronics,Mobiles,26804.27,31521.39,Sherri Smith,Corporate,5.0,3235,Michelle Hall,30.0,Retail Store,2,62132.68,2882.04,53608.54,5642.1,28.0,59250.64,COD,0
123353,ORD-2025-078958,3,2025-08-26,2025,Q3,8,August,East,India,West Bengal,Kolkata,Mobile Arm 3,Electronics,Mobiles,26804.27,31521.39,Sharon Santos,Corporate,3.2,2559,,,Online,2,63962.67,8650.91,53608.54,1703.22,22.99,55311.759999999995,COD,0
123669,ORD-2024-079154,2,2024-04-15,2024,Q2,4,April,North,India,Delhi,New Delhi,Mobile Arm 3,Electronics,Mobiles,26804.27,31521.39,Valerie Harrison,Consumer,4.2,5639,,,Online,1,31707.83,2483.63,26804.27,2419.93,23.15,29224.2,COD,0
123820,ORD-2024-079251,1,2024-04-14,2024,Q2,4,April,Central,India,Himachal Pradesh,Shimla,Mobile Arm 3,Electronics,Mobiles,26804.27,31521.39,Brian Rodriguez,Consumer,3.8,2655,,,Online,1,31325.28,4503.4,26804.27,17.61,81.95,26821.879999999997,Net Banking,0
124119,ORD-2025-079442,2,2025-11-15,2025,Q4,11,November,Central,India,Madhya Pradesh,Bhopal,Mobile Arm 3,Electronics,Mobiles,26804.27,31521.39,Dana Hernandez,SMB,3.4,5477,Kimberly Jackson,8.0,Retail Store,1,31437.2,2619.14,26804.27,2013.79,55.79,28818.06,Credit Card,0
124282,ORD-2025-079546,1,2025-12-10,2025,Q4,12,December,South,India,Andhra Pradesh,Visakhapatnam,Mobile Arm 3,Electronics,Mobiles,26804.27,31521.39,Rhonda Clark,Corporate,4.2,5210,Wendy Miller,68.0,Marketplace,2,62776.36,8470.63,53608.54,697.19,70.93,54305.73,UPI,0
124302,ORD-2023-079555,2,2023-03-11,2023,Q1,3,March,South,India,Telangana,Hyderabad,Mobile Arm 3,Electronics,Mobiles,26804.27,31521.39,Aaron Lee,Consumer,3.9,2248,Eric Camacho,97.0,Distributor,1,31694.34,4183.91,26804.27,706.16,25.49,27510.43,UPI,0
124535,ORD-2022-079708,1,2022-04-09,2022,Q2,4,April,South,India,Karnataka,Bengaluru,Mobile Arm 3,Electronics,Mobiles,26804.27,31521.39,Jim Rodriguez,Consumer,4.6,3745,Billy Cross,71.0,Distributor,5,155814.78,6859.64,134021.35,14933.79,19.35,148955.13999999998,Credit Card,0
125144,ORD-2024-080094,1,2024-09-17,2024,Q3,9,September,North,India,Delhi,New Delhi,Mobile Arm 3,Electronics,Mobiles,26804.27,31521.39,Charles Hernandez,Consumer,3.5,1569,Alison Miller,19.0,Distributor,2,62159.77,3934.87,53608.54,4616.36,22.06,58224.899999999994,UPI,0
125152,ORD-2022-080100,2,2022-10-29,2022,Q4,10,October,West,India,Madhya Pradesh,Indore,Mobile Arm 3,Electronics,Mobiles,26804.27,31521.39,Joshua Herman,Consumer,3.5,4125,,,Marketplace,6,186585.97,27927.04,160825.62,-2166.69,78.12,158658.93,Credit Card,0
126060,ORD-2024-080682,3,2024-11-11,2024,Q4,11,November,South,India,Telangana,Hyderabad,Mobile Arm 3,Electronics,Mobiles,26804.27,31521.39,James Moore,Corporate,3.7,1412,Taylor Parsons,103.0,Retail Store,2,63182.3,3820.14,53608.54,5753.62,21.04,59362.16,UPI,0
126895,ORD-2024-081226,1,2024-12-25,2024,Q4,12,December,East,India,West Bengal,Kolkata,Mobile Arm 3,Electronics,Mobiles,26804.27,31521.39,Joseph Cruz Jr.,Consumer,3.8,4884,,,Marketplace,3,93725.64,23857.97,80412.81,-10545.14,22.87,69867.67,COD,0
127181,ORD-2023-081409,3,2023-07-13,2023,Q3,7,July,West,India,Maharashtra,Pune,Mobile Arm 3,Electronics,Mobiles,26804.27,31521.39,Heidi Burnett,Consumer,3.8,1958,,,Marketplace,1,31851.53,4112.03,26804.27,935.23,26.06,27739.5,UPI,0
127187,ORD-2023-081412,1,2023-11-12,2023,Q4,11,November,North,India,Punjab,Chandigarh,Mobile Arm 3,Electronics,Mobiles,26804.27,31521.39,John Ho,Consumer,4.1,4826,James Rivas,13.0,Online,1,31258.33,3228.45,26804.27,1225.61,78.9,28029.88,Wire Transfer,0
127723,ORD-2023-081762,3,2023-03-27,2023,Q1,3,March,South,India,Karnataka,Bengaluru,Mobile Arm 3,Electronics,Mobiles,26804.27,31521.39,Timothy Lucero,Consumer,3.3,4151,Ryan Barrera,33.0,Distributor,2,62784.17,7526.79,53608.54,1648.84,25.81,55257.38,UPI,0
127971,ORD-2025-081919,1,2025-04-18,2025,Q2,4,April,North,India,Delhi,New Delhi,Mobile Arm 3,Electronics,Mobiles,26804.27,31521.39,Katherine Harrison,Consumer,4.1,4079,,,Marketplace,3,94859.46,13257.93,80412.81,1188.72,22.36,81601.53,Credit Card,0
299,ORD-2025-000190,1,2025-05-09,2025,Q2,5,May,North,India,Punjab,Chandigarh,Stationery Report 4,Office Supplies,Stationery,2463.14,4755.63,Brian Sosa,Corporate,4.5,2744,,,Online,2,9512.01,1092.04,4926.28,3493.69,30.94,8419.970000000001,Credit Card,0
477,ORD-2024-000307,1,2024-03-09,2024,Q1,3,March,Central,India,Uttar Pradesh,Kanpur,Stationery Report 4,Office Supplies,Stationery,2463.14,4755.63,Kendra Wang DVM,Consumer,3.7,800,Jeffery Davis,72.0,Distributor,1,4742.59,409.12,2463.14,1870.33,37.56,4333.47,UPI,0
1322,ORD-2024-000867,2,2024-06-30,2024,Q2,6,June,North,India,Haryana,Gurugram,Stationery Report 4,Office Supplies,Stationery,2463.14,4755.63,Robert Campbell,Consumer,2.9,4091,Latoya Fitzgerald,67.0,Online,1,4726.4,574.61,2463.14,1688.65,34.04,4151.79,Net Banking,0
1360,ORD-2022-000895,1,2022-08-11,2022,Q3,8,August,Central,India,Uttar Pradesh,Kanpur,Stationery Report 4,Office Supplies,Stationery,2463.14,4755.63,Melissa Goodman,Corporate,3.5,2764,Wendy Horne,115.0,Retail Store,1,4843.81,0.0,2463.14,2380.67,31.93,4843.81,Net Banking,0
1382,ORD-2024-000912,3,2024-03-31,2024,Q1,3,March,North,India,Haryana,Gurugram,Stationery Report 4,Office Supplies,Stationery,2463.14,4755.63,Colleen Cruz,Corporate,3.7,5669,Michael Hendrix,117.0,Retail Store,2,9393.68,501.78,4926.28,3965.62,33.92,8891.9,Wire Transfer,0
1743,ORD-2023-001139,2,2023-05-22,2023,Q2,5,May,South,India,Tamil Nadu,Chennai,Stationery Report 4,Office Supplies,Stationery,2463.14,4755.63,Justin Small,Corporate,3.8,4394,,,Marketplace,2,9603.51,1794.24,4926.28,2882.99,9.61,7809.27,Net Banking,0
1999,ORD-2023-001307,1,2023-09-24,2023,Q3,9,September,South,India,Karnataka,Bengaluru,Stationery Report 4,Office Supplies,Stationery,2463.14,4755.63,Justin Saunders,Consumer,3.5,5969,,,Online,1,4790.04,811.16,2463.14,1515.74,11.97,3978.88,COD,0
2156,ORD-2023-001407,3,2023-10-27,2023,Q4,10,October,South,India,Karnataka,Bengaluru,Stationery Report 4,Office Supplies,Stationery,2463.14,4755.63,Rachel Sullivan,Consumer,4.7,4788,,,Online,1,4746.35,507.89,2463.14,1775.32,10.47,4238.46,UPI,0
2310,ORD-2025-001497,1,2025-07-14,2025,Q3,7,July,West,India,Maharashtra,Pune,Stationery Report 4,Office Supplies,Stationery,2463.14,4755.63,Evan Davies,Corporate,4.3,2838,Maria Dixon,73.0,Retail Store,1,4760.13,148.54,2463.14,2148.45,11.49,4611.59,Wire Transfer,0
2817,ORD-2025-001811,1,2025-03-11,2025,Q1,3,March,East,India,West Bengal,Kolkata,Stationery Report 4,Office Supplies,Stationery,2463.14,4755.63,Nicole Gutierrez,Consumer,4.3,1181,Diane Smith,92.0,Retail Store,1,4770.03,49.57,2463.14,2257.32,9.62,4720.46,Wire Transfer,0
2964,ORD-2024-001909,1,2024-01-27,2024,Q1,1,January,South,India,Andhra Pradesh,Visakhapatnam,Stationery Report 4,Office Supplies,Stationery,2463.14,4755.63,Jordan Williams,Corporate,3.4,740,William Mcbride,57.0,Online,2,9687.29,1427.72,4926.28,3333.29,24.02,8259.570000000002,Net Banking,0
2999,ORD-2023-001932,1,2023-04-11,2023,Q2,4,April,Central,India,Chhattisgarh,Raipur,Stationery Report 4,Office Supplies,Stationery,2463.14,4755.63,Christopher Mayer,Consumer,3.3,3707,Nancy Hogan,54.0,Retail Store,1,4703.62,237.53,2463.14,2002.95,38.88,4466.09,COD,0
3496,ORD-2022-002237,1,2022-05-25,2022,Q2,5,May,West,India,Gujarat,Ahmedabad,Stationery Report 4,Office Supplies,Stationery,2463.14,4755.63,Destiny Powers,SMB,2.9,3510,,,Online,1,4662.51,598.05,2463.14,1601.32,33.34,4064.46,UPI,0
3742,ORD-2025-002384,2,2025-04-13,2025,Q2,4,April,East,India,Odisha,Bhubaneswar,Stationery Report 4,Office Supplies,Stationery,2463.14,4755.63,James Hart,Consumer,3.6,3946,Jeremiah Fisher,32.0,Online,1,4813.01,645.9,2463.14,1703.97,28.03,4167.110000000001,Net Banking,0
4104,ORD-2022-002596,2,2022-11-30,2022,Q4,11,November,East,India,West Bengal,Kolkata,Stationery Report 4,Office Supplies,Stationery,2463.14,4755.63,Anna Evans,SMB,4.2,1484,Eric Parker,87.0,Retail Store,1,4816.04,245.29,2463.14,2107.61,8.42,4570.75,Net Banking,0
4138,ORD-2022-002617,1,2022-05-10,2022,Q2,5,May,East,India,Bihar,Patna,Stationery Report 4,Office Supplies,Stationery,2463.14,4755.63,Luis Davis,SMB,3.4,2668,,,Online,1,4849.7,498.68,2463.14,1887.88,36.52,4351.0199999999995,Net Banking,0
4148,ORD-2023-002623,2,2023-04-16,2023,Q2,4,April,South,India,Karnataka,Bengaluru,Stationery Report 4,Office Supplies,Stationery,2463.14,4755.63,Michael Stevens,Corporate,3.8,6889,Dean Evans,90.0,Retail Store,3,14223.57,154.97,7389.42,6679.18,9.7,14068.6,UPI,0
4301,ORD-2023-002721,1,2023-06-06,2023,Q2,6,June,Central,India,Madhya Pradesh,Bhopal,Stationery Report 4,Office Supplies,Stationery,2463.14,4755.63,Maria Henderson,Consumer,3.3,284,Christopher Bolton,108.0,Distributor,3,14241.46,2117.06,7389.42,4734.98,37.0,12124.4,UPI,0
4359,ORD-2025-002758,1,2025-11-15,2025,Q4,11,November,East,India,West Bengal,Kolkata,Stationery Report 4,Office Supplies,Stationery,2463.14,4755.63,Sandra Rivera,Consumer,3.5,785,Diane Smith,92.0,Distributor,5,24062.93,2532.43,12315.7,9214.8,8.07,21530.5,COD,0
4796,ORD-2022-003027,1,2022-07-11,2022,Q3,7,July,West,India,Maharashtra,Pune,Stationery Report 4,Office Supplies,Stationery,2463.14,4755.63,Michael Mathews,Consumer,3.0,3203,Terri Davis,112.0,Online,2,9396.65,2692.55,4926.28,1777.82,8.64,6704.099999999999,UPI,0
5110,ORD-2023-003233,1,2023-12-20,2023,Q4,12,December,East,India,Jharkhand,Ranchi,Stationery Report 4,Office Supplies,Stationery,2463.14,4755.63,Linda French,Corporate,3.9,6549,Nathan Miles,80.0,Retail Store,1,4786.88,118.67,2463.14,2205.07,27.59,4668.21,Credit Card,0
5152,ORD-2024-003261,1,2024-09-27,2024,Q3,9,September,East,India,West Bengal,Kolkata,Stationery Report 4,Office Supplies,Stationery,2463.14,4755.63,Jason Rodriguez,Corporate,3.7,6157,Diane Smith,92.0,Distributor,1,4806.66,309.52,2463.14,2034.0,9.0,4497.139999999999,Credit Card,1
5791,ORD-2022-003667,2,2022-08-30,2022,Q3,8,August,South,India,Karnataka,Bengaluru,Stationery Report 4,Office Supplies,Stationery,2463.14,4755.63,Philip Powell,Consumer,3.6,3633,,,Online,3,14344.7,1735.42,7389.42,5219.86,12.88,12609.28,Net Banking,0
6093,ORD-2025-003857,1,2025-03-12,2025,Q1,3,March,East,India,Odisha,Bhubaneswar,Stationery Report 4,Office Supplies,Stationery,2463.14,4755.63,Ronald Martinez,SMB,3.9,2195,,,Online,3,14336.81,1987.54,7389.42,4959.85,34.17,12349.27,UPI,0
6377,ORD-2023-004041,1,2023-05-28,2023,Q2,5,May,East,India,Jharkhand,Ranchi,Stationery Report 4,Office Supplies,Stationery,2463.14,4755.63,Laura Adams,Corporate,4.4,4298,,,Online,1,4702.71,490.11,2463.14,1749.46,31.86,4212.6,Net Banking,0
6510,ORD-2023-004127,4,2023-08-23,2023,Q3,8,August,West,India,Goa,Panaji,Stationery Report 4,Office Supplies,Stationery,2463.14,4755.63,Nathan Jones,Consumer,4.0,5676,,,Marketplace,1,4713.07,840.77,2463.14,1409.16,32.27,3872.2999999999997,COD,0
6530,ORD-2025-004138,1,2025-11-15,2025,Q4,11,November,East,India,Bihar,Patna,Stationery Report 4,Office Supplies,Stationery,2463.14,4755.63,Zachary Mendoza,Consumer,5.0,528,,,Online,1,4767.0,419.77,2463.14,1884.09,38.78,4347.23,Credit Card,0
7169,ORD-2024-004546,2,2024-09-01,2024,Q3,9,September,West,India,Maharashtra,Mumbai,Stationery Report 4,Office Supplies,Stationery,2463.14,4755.63,Steven Stewart,Consumer,3.3,2012,Tammy Nguyen,2.0,Online,5,24075.57,568.66,12315.7,11191.21,11.53,23506.91,Wire Transfer,0
7757,ORD-2022-004918,1,2022-08-22,2022,Q3,8,August,Central,India,Chhattisgarh,Raipur,Stationery Report 4,Office Supplies,Stationery,2463.14,4755.63,Maria Figueroa,SMB,3.7,2830,,,Marketplace,1,4678.84,616.19,2463.14,1599.51,28.49,4062.65,UPI,0
7840,ORD-2025-004965,2,2025-04-10,2025,Q2,4,April,South,India,Kerala,Kochi,Stationery Report 4,Office Supplies,Stationery,2463.14,4755.63,Olivia Ayers,Consumer,3.6,875,Jason Riggs,60.0,Retail Store,1,4812.65,0.0,2463.14,2349.51,29.8,4812.65,UPI,0
8130,ORD-2023-005157,3,2023-11-17,2023,Q4,11,November,East,India,West Bengal,Kolkata,Stationery Report 4,Office Supplies,Stationery,2463.14,4755.63,Paul Cabrera,Consumer,2.7,2932,,,Online,1,4748.07,1401.28,2463.14,883.65,10.44,3346.79,COD,0
8279,ORD-2024-005255,1,2024-06-29,2024,Q2,6,June,North,India,Delhi,New Delhi,Stationery Report 4,Office Supplies,Stationery,2463.14,4755.63,Matthew Leonard,Corporate,5.0,5692,,,Online,1,4717.18,245.22,2463.14,2008.82,9.36,4471.96,UPI,0
8280,ORD-2024-005256,1,2024-11-13,2024,Q4,11,November,North,India,Delhi,New Delhi,Stationery Report 4,Office Supplies,Stationery,2463.14,4755.63,Christopher Perez,Corporate,4.5,1258,,,Marketplace,1,4764.5,690.23,2463.14,1611.13,11.77,4074.27,COD,0
8803,ORD-2023-005600,2,2023-11-23,2023,Q4,11,November,South,India,Telangana,Hyderabad,Stationery Report 4,Office Supplies,Stationery,2463.14,4755.63,Douglas Rodriguez,Consumer,5.0,7540,Eric Camacho,97.0,Retail Store,5,24084.48,944.64,12315.7,10824.14,8.1,23139.84,UPI,0
9968,ORD-2022-006330,2,2022-11-17,2022,Q4,11,November,Central,India,Uttar Pradesh,Kanpur,Stationery Report 4,Office Supplies,Stationery,2463.14,4755.63,James Bennett,Consumer,3.9,4158,Wendy Horne,115.0,Retail Store,2,9686.18,0.0,4926.28,4759.9,35.81,9686.18,Credit Card,0
10005,ORD-2025-006353,4,2025-11-24,2025,Q4,11,November,West,India,Maharashtra,Pune,Stationery Report 4,Office Supplies,Stationery,2463.14,4755.63,Stephen Hoffman,Corporate,3.1,172,Lisa Henderson,84.0,Distributor,3,14130.86,613.76,7389.42,6127.68,10.82,13517.1,Net Banking,0
10174,ORD-2025-006464,1,2025-08-20,2025,Q3,8,August,West,India,Maharashtra,Mumbai,Stationery Report 4,Office Supplies,Stationery,2463.14,4755.63,Michael Lee,SMB,4.3,5634,Shawn Patel,86.0,Online,3,14358.43,1111.46,7389.42,5857.55,10.59,13246.970000000001,Net Banking,0
10439,ORD-2023-006618,1,2023-06-26,2023,Q2,6,June,South,India,Telangana,Hyderabad,Stationery Report 4,Office Supplies,Stationery,2463.14,4755.63,Michael Bennett DVM,Corporate,4.3,2535,Michelle Hall,30.0,Distributor,8,37710.7,2477.47,19705.12,15528.11,8.89,35233.229999999996,Net Banking,0
10445,ORD-2022-006621,4,2022-10-11,2022,Q4,10,October,West,India,Maharashtra,Pune,Stationery Report 4,Office Supplies,Stationery,2463.14,4755.63,Traci Craig,Corporate,3.9,2627,Megan Hernandez,31.0,Distributor,5,23829.89,2358.36,12315.7,9155.83,10.93,21471.53,Net Banking,0
10849,ORD-2022-006883,1,2022-12-07,2022,Q4,12,December,North,India,Uttar Pradesh,Lucknow,Stationery Report 4,Office Supplies,Stationery,2463.14,4755.63,Erica Porter,Consumer,4.0,4313,Jenny Sanchez,58.0,Retail Store,2,9505.4,486.18,4926.28,4092.94,27.1,9019.22,Credit Card,0
11244,ORD-2023-007137,1,2023-09-08,2023,Q3,9,September,North,India,Delhi,New Delhi,Stationery Report 4,Office Supplies,Stationery,2463.14,4755.63,Joshua Kramer,Consumer,3.9,2132,,,Online,1,4808.97,712.64,2463.14,1633.19,12.26,4096.33,COD,0
11750,ORD-2025-007467,1,2025-03-24,2025,Q1,3,March,Central,India,Himachal Pradesh,Shimla,Stationery Report 4,Office Supplies,Stationery,2463.14,4755.63,Rebecca Oneill,Consumer,3.7,4952,,,Online,2,9629.29,1076.07,4926.28,3626.94,37.4,8553.220000000001,Credit Card,0
11951,ORD-2022-007595,1,2022-12-31,2022,Q4,12,December,West,India,Goa,Panaji,Stationery Report 4,Office Supplies,Stationery,2463.14,4755.63,Jacob Brewer,Corporate,3.9,4147,Cindy Garza,88.0,Distributor,1,4677.7,322.17,2463.14,1892.39,24.82,4355.53,Credit Card,0
12032,ORD-2022-007653,2,2022-02-05,2022,Q1,2,February,West,India,Gujarat,Ahmedabad,Stationery Report 4,Office Supplies,Stationery,2463.14,4755.63,Richard Mitchell,Consumer,3.2,2038,,,Online,5,23328.24,1665.95,12315.7,9346.59,38.35,21662.29,UPI,0
12110,ORD-2024-007703,2,2024-10-27,2024,Q4,10,October,South,India,Telangana,Hyderabad,Stationery Report 4,Office Supplies,Stationery,2463.14,4755.63,Jason Morgan,Consumer,3.4,3568,,,Online,1,4787.96,374.87,2463.14,1949.95,10.55,4413.09,UPI,0
12261,ORD-2023-007805,1,2023-02-01,2023,Q1,2,February,South,India,Tamil Nadu,Chennai,Stationery Report 4,Office Supplies,Stationery,2463.14,4755.63,Joel Newton,Consumer,4.6,3520,,,Marketplace,5,23553.07,4409.28,12315.7,6828.09,12.97,19143.79,UPI,1
12307,ORD-2024-007829,1,2024-03-26,2024,Q1,3,March,North,India,Delhi,New Delhi,Stationery Report 4,Office Supplies,Stationery,2463.14,4755.63,Steven Perez,Consumer,3.8,6619,,,Marketplace,1,4727.47,529.1,2463.14,1735.23,10.93,4198.37,UPI,0
12365,ORD-2025-007864,1,2025-03-06,2025,Q1,3,March,Central,India,Madhya Pradesh,Bhopal,Stationery Report 4,Office Supplies,Stationery,2463.14,4755.63,John Peterson,Corporate,3.0,4268,,,Online,3,14272.09,1970.01,7389.42,4912.66,35.86,12302.08,Credit Card,1
12679,ORD-2024-008067,1,2024-05-19,2024,Q2,5,May,West,India,Madhya Pradesh,Indore,Stationery Report 4,Office Supplies,Stationery,2463.14,4755.63,Jeffrey Harrell,Corporate,3.3,4252,,,Online,1,4705.88,471.91,2463.14,1770.83,37.3,4233.97,Credit Card,0
12734,ORD-2025-008100,1,2025-08-27,2025,Q3,8,August,West,India,Goa,Panaji,Stationery Report 4,Office Supplies,Stationery,2463.14,4755.63,Michael Leonard,Consumer,3.3,5231,Cindy Garza,88.0,Retail Store,3,14093.17,733.61,7389.42,5970.14,30.38,13359.56,UPI,0
12950,ORD-2023-008247,2,2023-02-13,2023,Q1,2,February,East,India,Jharkhand,Ranchi,Stationery Report 4,Office Supplies,Stationery,2463.14,4755.63,Julie Gillespie,SMB,3.7,7576,,,Online,6,28361.0,3258.35,14778.84,10323.81,25.36,25102.65,UPI,0
12969,ORD-2024-008258,1,2024-07-29,2024,Q3,7,July,North,India,Delhi,New Delhi,Stationery Report 4,Office Supplies,Stationery,2463.14,4755.63,Lori Mitchell,Corporate,4.0,1607,,,Online,2,9595.89,987.45,4926.28,3682.16,10.81,8608.439999999999,Wire Transfer,1
13078,ORD-2024-008332,1,2024-02-03,2024,Q1,2,February,South,India,Karnataka,Bengaluru,Stationery Report 4,Office Supplies,Stationery,2463.14,4755.63,Christine Sanders,Corporate,4.2,6621,Ryan Barrera,33.0,Retail Store,1,4665.27,798.57,2463.14,1403.56,11.19,3866.7000000000003,Credit Card,0
13256,ORD-2025-008440,4,2025-11-16,2025,Q4,11,November,West,India,Maharashtra,Pune,Stationery Report 4,Office Supplies,Stationery,2463.14,4755.63,John Vaughn,Corporate,3.8,1594,Terri Davis,112.0,Retail Store,1,4831.76,395.56,2463.14,1973.06,11.34,4436.2,Net Banking,0
13264,ORD-2022-008444,1,2022-01-28,2022,Q1,1,January,North,India,Punjab,Chandigarh,Stationery Report 4,Office Supplies,Stationery,2463.14,4755.63,Anne Jones,Consumer,3.4,7822,,,Online,1,4700.18,278.18,2463.14,1958.86,25.93,4422.0,Net Banking,0
13517,ORD-2025-008612,1,2025-12-20,2025,Q4,12,December,West,India,Maharashtra,Mumbai,Stationery Report 4,Office Supplies,Stationery,2463.14,4755.63,Christina Simon,Corporate,3.8,7829,,,Online,1,4742.75,651.93,2463.14,1627.68,10.61,4090.82,UPI,0
13555,ORD-2024-008633,1,2024-11-15,2024,Q4,11,November,East,India,Bihar,Patna,Stationery Report 4,Office Supplies,Stationery,2463.14,4755.63,Leah Walters,Consumer,4.2,3517,,,Marketplace,2,9650.61,1326.19,4926.28,3398.14,25.21,8324.42,UPI,0
13926,ORD-2025-008877,1,2025-08-21,2025,Q3,8,August,East,India,Jharkhand,Ranchi,Stationery Report 4,Office Supplies,Stationery,2463.14,4755.63,Paul Saunders,Corporate,3.9,1884,,,Online,1,4714.83,595.88,2463.14,1655.81,27.37,4118.95,Net Banking,0
13981,ORD-2024-008907,3,2024-08-18,2024,Q3,8,August,South,India,Telangana,Hyderabad,Stationery Report 4,Office Supplies,Stationery,2463.14,4755.63,Jennifer Baker,Corporate,3.0,6108,Greg Williams,5.0,Retail Store,3,14090.75,526.44,7389.42,6174.89,12.04,13564.31,Credit Card,0
14032,ORD-2022-008943,1,2022-12-07,2022,Q4,12,December,South,India,Telangana,Hyderabad,Stationery Report 4,Office Supplies,Stationery,2463.14,4755.63,Ann Phelps,Consumer,3.5,2037,Erin Aguirre,109.0,Retail Store,1,4728.55,84.37,2463.14,2181.04,9.36,4644.18,UPI,0
14040,ORD-2024-008949,1,2024-12-07,2024,Q4,12,December,East,India,Assam,Guwahati,Stationery Report 4,Office Supplies,Stationery,2463.14,4755.63,Robert Cooper,Consumer,4.7,3804,,,Online,1,4842.48,313.27,2463.14,2066.07,24.09,4529.209999999999,UPI,0
14117,ORD-2022-008996,4,2022-10-03,2022,Q4,10,October,West,India,Goa,Panaji,Stationery Report 4,Office Supplies,Stationery,2463.14,4755.63,Pamela Burke,Corporate,3.7,2517,Cindy Garza,88.0,Distributor,1,4680.17,978.12,2463.14,1238.91,26.96,3702.05,Net Banking,0
14185,ORD-2024-009038,1,2024-12-31,2024,Q4,12,December,North,India,Punjab,Chandigarh,Stationery Report 4,Office Supplies,Stationery,2463.14,4755.63,Jay Peck,Corporate,4.3,6112,,,Online,1,4788.49,1444.67,2463.14,880.68,24.49,3343.8199999999997,Net Banking,0
14318,ORD-2024-009121,1,2024-01-05,2024,Q1,1,January,East,India,West Bengal,Kolkata,Stationery Report 4,Office Supplies,Stationery,2463.14,4755.63,Kenneth Schmidt,Consumer,2.5,6039,,,Online,2,9401.9,1101.65,4926.28,3373.97,10.0,8300.25,Credit Card,0
14812,ORD-2023-009423,1,2023-10-09,2023,Q4,10,October,West,India,Maharashtra,Pune,Stationery Report 4,Office Supplies,Stationery,2463.14,4755.63,Sheila Myers,SMB,3.9,6565,Maria Dixon,73.0,Online,1,4745.26,419.25,2463.14,1862.87,9.45,4326.01,COD,0
15101,ORD-2022-009606,1,2022-08-05,2022,Q3,8,August,West,India,Gujarat,Ahmedabad,Stationery Report 4,Office Supplies,Stationery,2463.14,4755.63,Sergio Hodge,Consumer,4.1,4561,,,Online,4,19239.53,1648.18,9852.56,7738.79,35.86,17591.35,Net Banking,0
15526,ORD-2022-009876,1,2022-11-28,2022,Q4,11,November,West,India,Madhya Pradesh,Indore,Stationery Report 4,Office Supplies,Stationery,2463.14,4755.63,Charles Strickland,Corporate,4.0,5982,,,Online,3,14235.4,1635.0,7389.42,5210.98,35.08,12600.4,Credit Card,0
16787,ORD-2023-010687,1,2023-08-21,2023,Q3,8,August,West,India,Madhya Pradesh,Indore,Stationery Report 4,Office Supplies,Stationery,2463.14,4755.63,Terry Carr,Consumer,3.5,6496,,,Online,1,4811.86,564.78,2463.14,1783.94,25.92,4247.08,Credit Card,0
16852,ORD-2023-010730,1,2023-05-19,2023,Q2,5,May,West,India,Madhya Pradesh,Indore,Stationery Report 4,Office Supplies,Stationery,2463.14,4755.63,Brian Mitchell,Consumer,3.7,5043,Hunter Miller,95.0,Retail Store,1,4847.82,47.01,2463.14,2337.67,31.0,4800.8099999999995,Net Banking,0
17132,ORD-2023-010915,1,2023-12-01,2023,Q4,12,December,West,India,Madhya Pradesh,Indore,Stationery Report 4,Office Supplies,Stationery,2463.14,4755.63,Anthony Jones,Consumer,4.1,4532,Suzanne Hancock,59.0,Retail Store,5,24007.28,683.88,12315.7,11007.7,36.57,23323.399999999998,UPI,0
18053,ORD-2025-011522,1,2025-11-30,2025,Q4,11,November,North,India,Delhi,New Delhi,Stationery Report 4,Office Supplies,Stationery,2463.14,4755.63,John Collins,Consumer,3.4,3380,,,Online,3,14088.7,3898.35,7389.42,2800.93,8.79,10190.35,Net Banking,1
18213,ORD-2022-011626,1,2022-08-07,2022,Q3,8,August,South,India,Telangana,Hyderabad,Stationery Report 4,Office Supplies,Stationery,2463.14,4755.63,Amanda Anderson,SMB,3.8,6098,Erin Aguirre,109.0,Retail Store,1,4694.81,0.0,2463.14,2231.67,9.94,4694.81,UPI,0
18256,ORD-2022-011657,1,2022-05-05,2022,Q2,5,May,North,India,Uttar Pradesh,Lucknow,Stationery Report 4,Office Supplies,Stationery,2463.14,4755.63,Angela Parks,Consumer,4.1,7170,Susan Melendez,39.0,Retail Store,4,19048.6,603.01,9852.56,8593.03,28.87,18445.59,COD,0
18595,ORD-2023-011875,1,2023-02-14,2023,Q1,2,February,West,India,Madhya Pradesh,Indore,Stationery Report 4,Office Supplies,Stationery,2463.14,4755.63,Samantha Reynolds,Consumer,5.0,3672,Justin Jones,7.0,Distributor,2,9392.26,1726.61,4926.28,2739.37,33.52,7665.650000000001,Wire Transfer,0
18774,ORD-2024-011994,1,2024-12-29,2024,Q4,12,December,South,India,Karnataka,Bengaluru,Stationery Report 4,Office Supplies,Stationery,2463.14,4755.63,Laura Bailey,Corporate,3.5,5011,,,Marketplace,1,4753.7,1946.29,2463.14,344.27,8.6,2807.41,Credit Card,0
18793,ORD-2024-012004,1,2024-04-05,2024,Q2,4,April,West,India,Maharashtra,Mumbai,Stationery Report 4,Office Supplies,Stationery,2463.14,4755.63,Stacey Davis,Corporate,5.0,5709,,,Online,11,52988.78,2804.11,27094.54,23090.13,11.68,50184.67,COD,0
19114,ORD-2022-012208,1,2022-08-21,2022,Q3,8,August,North,India,Haryana,Gurugram,Stationery Report 4,Office Supplies,Stationery,2463.14,4755.63,Diane Bishop,Corporate,3.8,5163,Latoya Fitzgerald,67.0,Retail Store,2,9594.63,151.86,4926.28,4516.49,33.2,9442.769999999999,Credit Card,0
19456,ORD-2023-012436,2,2023-12-12,2023,Q4,12,December,West,India,Maharashtra,Pune,Stationery Report 4,Office Supplies,Stationery,2463.14,4755.63,Amy Russell,Corporate,3.9,9,,,Online,1,4847.06,264.49,2463.14,2119.43,10.72,4582.570000000001,UPI,0
20438,ORD-2022-013055,1,2022-02-06,2022,Q1,2,February,South,India,Tamil Nadu,Chennai,Stationery Report 4,Office Supplies,Stationery,2463.14,4755.63,Aaron Webb,Consumer,3.2,4456,,,Online,3,14044.45,838.3,7389.42,5816.73,11.21,13206.150000000001,Wire Transfer,1
20447,ORD-2025-013061,1,2025-03-28,2025,Q1,3,March,South,India,Telangana,Hyderabad,Stationery Report 4,Office Supplies,Stationery,2463.14,4755.63,Carl Scott,Consumer,4.1,6877,,,Online,1,4764.08,426.85,2463.14,1874.09,9.8,4337.23,UPI,0
20558,ORD-2024-013132,1,2024-08-13,2024,Q3,8,August,North,India,Rajasthan,Jaipur,Stationery Report 4,Office Supplies,Stationery,2463.14,4755.63,Ashley Burton MD,Consumer,3.8,7094,,,Online,1,4748.42,364.16,2463.14,1921.12,37.78,4384.26,Net Banking,0
20759,ORD-2024-013270,1,2024-04-03,2024,Q2,4,April,West,India,Maharashtra,Pune,Stationery Report 4,Office Supplies,Stationery,2463.14,4755.63,Sandra Walker,Consumer,4.5,4901,,,Marketplace,2,9442.52,1298.54,4926.28,3217.7,8.39,8143.9800000000005,Credit Card,0
21226,ORD-2025-013542,1,2025-03-21,2025,Q1,3,March,South,India,Tamil Nadu,Chennai,Stationery Report 4,Office Supplies,Stationery,2463.14,4755.63,Jennifer Simpson DVM,Consumer,4.1,455,,,Marketplace,2,9534.81,1646.63,4926.28,2961.9,10.39,7888.179999999999,UPI,0
21980,ORD-2025-014005,2,2025-05-31,2025,Q2,5,May,South,India,Karnataka,Bengaluru,Stationery Report 4,Office Supplies,Stationery,2463.14,4755.63,Katherine Phillips,Corporate,3.9,6855,,,Marketplace,2,9424.35,1442.18,4926.28,3055.89,12.31,7982.17,Credit Card,0
22158,ORD-2022-014124,1,2022-12-19,2022,Q4,12,December,East,India,West Bengal,Kolkata,Stationery Report 4,Office Supplies,Stationery,2463.14,4755.63,Susan Murray MD,Consumer,3.7,110,,,Online,4,19332.16,3078.85,9852.56,6400.75,8.64,16253.31,Credit Card,0
22443,ORD-2025-014316,2,2025-07-22,2025,Q3,7,July,Central,India,Madhya Pradesh,Bhopal,Stationery Report 4,Office Supplies,Stationery,2463.14,4755.63,Robert Morgan,SMB,3.8,408,Kimberly Jackson,8.0,Retail Store,2,9556.62,38.45,4926.28,4591.89,26.68,9518.17,UPI,0
22507,ORD-2025-014358,1,2025-10-02,2025,Q4,10,October,East,India,West Bengal,Kolkata,Stationery Report 4,Office Supplies,Stationery,2463.14,4755.63,Jill Roman,Corporate,3.9,2185,Noah Briggs,64.0,Online,4,18812.34,1063.31,9852.56,7896.47,9.32,17749.03,UPI,0
22601,ORD-2023-014412,2,2023-07-29,2023,Q3,7,July,South,India,Karnataka,Bengaluru,Stationery Report 4,Office Supplies,Stationery,2463.14,4755.63,John Robles,Consumer,3.8,3289,,,Online,2,9342.78,384.06,4926.28,4032.44,10.01,8958.720000000001,COD,0
23501,ORD-2025-014961,1,2025-04-06,2025,Q2,4,April,South,India,Telangana,Hyderabad,Stationery Report 4,Office Supplies,Stationery,2463.14,4755.63,Sharon Blake,Corporate,3.6,6668,,,Marketplace,2,9334.77,1666.04,4926.28,2742.45,10.48,7668.7300000000005,Net Banking,0
23739,ORD-2022-015119,1,2022-02-03,2022,Q1,2,February,East,India,West Bengal,Kolkata,Stationery Report 4,Office Supplies,Stationery,2463.14,4755.63,Isaiah Jones,Consumer,4.1,5454,Eric Parker,87.0,Distributor,2,9465.68,10.18,4926.28,4529.22,9.24,9455.5,UPI,0
23928,ORD-2024-015250,2,2024-06-12,2024,Q2,6,June,North,India,Rajasthan,Jaipur,Stationery Report 4,Office Supplies,Stationery,2463.14,4755.63,Morgan Barrett,Consumer,4.0,7623,,,Online,2,9465.92,766.84,4926.28,3772.8,32.15,8699.08,UPI,0
24195,ORD-2025-015421,1,2025-04-27,2025,Q2,4,April,North,India,Delhi,New Delhi,Stationery Report 4,Office Supplies,Stationery,2463.14,4755.63,Roger Weaver,Corporate,3.3,4194,,,Online,1,4663.06,483.6,2463.14,1716.32,10.26,4179.46,Net Banking,0
24317,ORD-2024-015497,2,2024-04-03,2024,Q2,4,April,East,India,Bihar,Patna,Stationery Report 4,Office Supplies,Stationery,2463.14,4755.63,David Murphy,Consumer,3.8,5758,Robert Bailey,102.0,Retail Store,1,4729.78,482.9,2463.14,1783.74,32.73,4246.88,UPI,0
24517,ORD-2022-015625,1,2022-06-23,2022,Q2,6,June,North,India,Punjab,Chandigarh,Stationery Report 4,Office Supplies,Stationery,2463.14,4755.63,Richard Bailey,Consumer,4.8,3003,,,Online,3,14518.9,1465.8,7389.42,5663.68,34.69,13053.1,COD,0
24585,ORD-2023-015673,1,2023-11-27,2023,Q4,11,November,East,India,West Bengal,Kolkata,Stationery Report 4,Office Supplies,Stationery,2463.14,4755.63,Gregory Jacobs,Corporate,3.9,2708,,,Online,3,14526.37,1559.55,7389.42,5577.4,8.92,12966.820000000002,Net Banking,0
24738,ORD-2023-015778,3,2023-12-31,2023,Q4,12,December,West,India,Maharashtra,Mumbai,Stationery Report 4,Office Supplies,Stationery,2463.14,4755.63,Jason Herrera,Corporate,3.3,770,Erin Mcdowell,105.0,Retail Store,2,9501.8,164.71,4926.28,4410.81,11.93,9337.09,UPI,0
24874,ORD-2025-015864,1,2025-02-19,2025,Q1,2,February,South,India,Karnataka,Bengaluru,Stationery Report 4,Office Supplies,Stationery,2463.14,4755.63,Angelica Vincent,Consumer,4.5,1724,,,Marketplace,3,14007.68,2030.51,7389.42,4587.75,11.55,11977.17,UPI,0
25002,ORD-2022-015945,1,2022-09-27,2022,Q3,9,September,South,India,Tamil Nadu,Chennai,Stationery Report 4,Office Supplies,Stationery,2463.14,4755.63,Anthony Everett,Corporate,3.9,69,,,Online,1,4780.34,556.05,2463.14,1761.15,12.7,4224.29,Credit Card,0
25196,ORD-2023-016068,1,2023-09-23,2023,Q3,9,September,West,India,Maharashtra,Mumbai,Stationery Report 4,Office Supplies,Stationery,2463.14,4755.63,John Zamora,Consumer,3.4,1715,,,Online,4,19118.28,2784.93,9852.56,6480.79,8.12,16333.349999999999,Net Banking,0
25606,ORD-2023-016321,1,2023-03-26,2023,Q1,3,March,South,India,Telangana,Hyderabad,Stationery Report 4,Office Supplies,Stationery,2463.14,4755.63,Cody Burgess,Consumer,3.7,2061,,,Online,1,4682.12,385.4,2463.14,1833.58,9.0,4296.72,Net Banking,0
25669,ORD-2024-016364,1,2024-03-28,2024,Q1,3,March,West,India,Maharashtra,Pune,Stationery Report 4,Office Supplies,Stationery,2463.14,4755.63,Robert Banks,Corporate,4.4,7069,,,Online,7,33064.27,4554.53,17241.98,11267.76,8.58,28509.739999999998,COD,0
25724,ORD-2022-016397,2,2022-09-14,2022,Q3,9,September,Central,India,Uttarakhand,Dehradun,Stationery Report 4,Office Supplies,Stationery,2463.14,4755.63,William Johnson,Consumer,3.6,4211,,,Online,2,9399.72,1475.25,4926.28,2998.19,28.02,7924.469999999999,UPI,0
25969,ORD-2022-016545,1,2022-05-02,2022,Q2,5,May,Central,India,Madhya Pradesh,Bhopal,Stationery Report 4,Office Supplies,Stationery,2463.14,4755.63,Edwin Carter,Consumer,4.0,2633,,,Online,2,9552.72,1344.4,4926.28,3282.04,35.7,8208.32,Credit Card,0
26306,ORD-2025-016773,1,2025-06-26,2025,Q2,6,June,South,India,Telangana,Hyderabad,Stationery Report 4,Office Supplies,Stationery,2463.14,4755.63,Deborah Small,Consumer,3.1,7620,Eric Camacho,97.0,Online,1,4707.54,459.07,2463.14,1785.33,8.45,4248.47,UPI,0
26475,ORD-2023-016872,2,2023-04-19,2023,Q2,4,April,West,India,Maharashtra,Mumbai,Stationery Report 4,Office Supplies,Stationery,2463.14,4755.63,Virginia Clark,Consumer,4.4,3256,Vanessa Boone,120.0,Online,2,9650.63,483.0,4926.28,4241.35,12.57,9167.63,Net Banking,0
26478,ORD-2022-016874,1,2022-10-10,2022,Q4,10,October,North,India,Punjab,Chandigarh,Stationery Report 4,Office Supplies,Stationery,2463.14,4755.63,David Nguyen,Corporate,2.7,6878,Alison Delacruz,48.0,Retail Store,2,9329.87,1192.33,4926.28,3211.26,24.56,8137.540000000001,Wire Transfer,0
27234,ORD-2024-017342,4,2024-12-08,2024,Q4,12,December,East,India,West Bengal,Kolkata,Stationery Report 4,Office Supplies,Stationery,2463.14,4755.63,Matthew Moore,Consumer,4.3,78,,,Online,2,9373.14,1893.07,4926.28,2553.79,9.31,7480.07,UPI,0
27474,ORD-2025-017481,1,2025-07-12,2025,Q3,7,July,East,India,West Bengal,Kolkata,Stationery Report 4,Office Supplies,Stationery,2463.14,4755.63,Michael Davis,Consumer,3.9,6816,Diane Smith,92.0,Distributor,1,4807.37,349.58,2463.14,1994.65,11.75,4457.79,UPI,0
27650,ORD-2023-017595,1,2023-11-06,2023,Q4,11,November,South,India,Tamil Nadu,Chennai,Stationery Report 4,Office Supplies,Stationery,2463.14,4755.63,Kara Hernandez,Consumer,3.3,962,Garrett Thomas,26.0,Distributor,1,4733.43,261.54,2463.14,2008.75,8.61,4471.89,UPI,0
27658,ORD-2023-017601,2,2023-08-23,2023,Q3,8,August,West,India,Maharashtra,Mumbai,Stationery Report 4,Office Supplies,Stationery,2463.14,4755.63,Savannah Johns,Corporate,4.2,6607,Tammy Nguyen,2.0,Retail Store,1,4691.16,0.0,2463.14,2228.02,8.47,4691.16,Net Banking,0
27761,ORD-2024-017664,1,2024-11-20,2024,Q4,11,November,Central,India,Chhattisgarh,Raipur,Stationery Report 4,Office Supplies,Stationery,2463.14,4755.63,David Rodriguez,Corporate,3.7,833,,,Marketplace,8,37787.24,5378.54,19705.12,12703.58,31.59,32408.699999999997,COD,0
27846,ORD-2025-017717,1,2025-11-04,2025,Q4,11,November,North,India,Punjab,Chandigarh,Stationery Report 4,Office Supplies,Stationery,2463.14,4755.63,Andrea Morris,Consumer,3.9,4064,,,Online,1,4732.72,378.61,2463.14,1890.97,28.63,4354.110000000001,COD,0
28030,ORD-2022-017837,1,2022-06-02,2022,Q2,6,June,North,India,Uttar Pradesh,Lucknow,Stationery Report 4,Office Supplies,Stationery,2463.14,4755.63,John Mcfarland,SMB,3.7,1647,Jenny Sanchez,58.0,Retail Store,4,19245.67,711.71,9852.56,8681.4,38.92,18533.96,UPI,0
28752,ORD-2022-018305,2,2022-10-15,2022,Q4,10,October,Central,India,Uttarakhand,Dehradun,Stationery Report 4,Office Supplies,Stationery,2463.14,4755.63,Michael Brown,Consumer,4.3,1719,David Mitchell,42.0,Distributor,4,18768.6,4919.94,9852.56,3996.1,27.82,13848.66,Wire Transfer,0
28869,ORD-2022-018384,1,2022-06-18,2022,Q2,6,June,South,India,Tamil Nadu,Chennai,Stationery Report 4,Office Supplies,Stationery,2463.14,4755.63,Andrew Harris,Consumer,3.7,3173,Jesse Yang,89.0,Distributor,6,28220.33,5182.16,14778.84,8259.33,11.96,23038.170000000002,Wire Transfer,0
29526,ORD-2025-018811,1,2025-04-19,2025,Q2,4,April,East,India,West Bengal,Kolkata,Stationery Report 4,Office Supplies,Stationery,2463.14,4755.63,Gordon Hahn,Consumer,4.0,4014,,,Online,3,14509.74,1412.22,7389.42,5708.1,11.15,13097.52,UPI,0
29581,ORD-2023-018849,1,2023-06-19,2023,Q2,6,June,West,India,Maharashtra,Pune,Stationery Report 4,Office Supplies,Stationery,2463.14,4755.63,Chad Hurley,Consumer,3.6,3761,,,Online,2,9507.03,2373.89,4926.28,2206.86,10.3,7133.140000000001,Net Banking,0
30367,ORD-2022-019339,3,2022-12-03,2022,Q4,12,December,South,India,Tamil Nadu,Chennai,Stationery Report 4,Office Supplies,Stationery,2463.14,4755.63,Antonio Smith,SMB,2.8,6220,,,Marketplace,1,4842.12,639.93,2463.14,1739.05,9.86,4202.19,UPI,0
31239,ORD-2024-019891,1,2024-07-09,2024,Q3,7,July,Central,India,Uttar Pradesh,Kanpur,Stationery Report 4,Office Supplies,Stationery,2463.14,4755.63,Richard Bass,Consumer,4.0,4564,Jeffery Davis,72.0,Online,1,4786.14,256.65,2463.14,2066.35,24.82,4529.490000000001,Credit Card,0
31552,ORD-2022-020093,4,2022-11-15,2022,Q4,11,November,East,India,West Bengal,Kolkata,Stationery Report 4,Office Supplies,Stationery,2463.14,4755.63,Kathleen Moran,Consumer,3.7,111,,,Marketplace,1,4778.52,696.1,2463.14,1619.28,10.37,4082.4200000000005,UPI,0
31576,ORD-2025-020111,1,2025-11-28,2025,Q4,11,November,West,India,Maharashtra,Pune,Stationery Report 4,Office Supplies,Stationery,2463.14,4755.63,Travis Wilson,Consumer,4.8,1986,,,Online,2,9498.3,1348.81,4926.28,3223.21,11.7,8149.49,Credit Card,0
31928,ORD-2023-020338,1,2023-07-08,2023,Q3,7,July,West,India,Maharashtra,Pune,Stationery Report 4,Office Supplies,Stationery,2463.14,4755.63,David Daniels,Consumer,3.6,3187,,,Marketplace,2,9411.75,1500.09,4926.28,2985.38,11.37,7911.66,Net Banking,0
32038,ORD-2024-020408,1,2024-06-02,2024,Q2,6,June,East,India,Assam,Guwahati,Stationery Report 4,Office Supplies,Stationery,2463.14,4755.63,Jessica Bowen,Consumer,2.4,702,Olivia Williams,25.0,Retail Store,2,9672.85,586.52,4926.28,4160.05,29.59,9086.33,Net Banking,0
32303,ORD-2025-020578,1,2025-08-08,2025,Q3,8,August,Central,India,Himachal Pradesh,Shimla,Stationery Report 4,Office Supplies,Stationery,2463.14,4755.63,Justin Torres,Consumer,3.7,72,Amber Cruz,17.0,Retail Store,3,14353.28,3093.07,7389.42,3870.79,38.71,11260.210000000001,Credit Card,0
32429,ORD-2024-020663,2,2024-06-06,2024,Q2,6,June,East,India,Jharkhand,Ranchi,Stationery Report 4,Office Supplies,Stationery,2463.14,4755.63,Bruce Roman,Consumer,3.2,1673,Nathan Miles,80.0,Retail Store,2,9672.07,706.8,4926.28,4038.99,31.25,8965.27,UPI,0
32764,ORD-2022-020876,2,2022-04-22,2022,Q2,4,April,South,India,Karnataka,Bengaluru,Stationery Report 4,Office Supplies,Stationery,2463.14,4755.63,John Erickson,SMB,3.8,5915,,,Online,4,18703.58,2250.69,9852.56,6600.33,8.18,16452.890000000003,UPI,0
33685,ORD-2022-021496,1,2022-06-29,2022,Q2,6,June,West,India,Gujarat,Ahmedabad,Stationery Report 4,Office Supplies,Stationery,2463.14,4755.63,James Henry,Consumer,4.3,4322,Michelle Stevens,24.0,Distributor,2,9381.17,394.74,4926.28,4060.15,35.66,8986.43,Net Banking,0
33990,ORD-2023-021690,1,2023-12-22,2023,Q4,12,December,Central,India,Uttar Pradesh,Kanpur,Stationery Report 4,Office Supplies,Stationery,2463.14,4755.63,Deborah Wood,Consumer,3.7,3835,,,Marketplace,1,4762.12,1582.95,2463.14,716.03,32.18,3179.17,Net Banking,1
34199,ORD-2025-021826,1,2025-06-07,2025,Q2,6,June,East,India,Bihar,Patna,Stationery Report 4,Office Supplies,Stationery,2463.14,4755.63,Dennis Jones,Consumer,4.0,3010,,,Online,2,9407.88,1166.21,4926.28,3315.39,32.99,8241.669999999998,Credit Card,0
34253,ORD-2024-021858,1,2024-08-07,2024,Q3,8,August,Central,India,Chhattisgarh,Raipur,Stationery Report 4,Office Supplies,Stationery,2463.14,4755.63,Jonathan Potter,Consumer,4.3,6073,Jasmine Hahn,37.0,Distributor,3,14418.75,1259.4,7389.42,5769.93,33.12,13159.35,Net Banking,0
34553,ORD-2023-022050,2,2023-10-10,2023,Q4,10,October,South,India,Tamil Nadu,Chennai,Stationery Report 4,Office Supplies,Stationery,2463.14,4755.63,Trevor Sparks,Consumer,3.6,4929,Olivia Russell,16.0,Marketplace,2,9680.64,1569.55,4926.28,3184.81,10.39,8111.089999999999,Wire Transfer,0
34584,ORD-2022-022075,1,2022-10-11,2022,Q4,10,October,South,India,Karnataka,Bengaluru,Stationery Report 4,Office Supplies,Stationery,2463.14,4755.63,Melanie Baker,Consumer,4.6,5563,,,Online,1,4701.37,288.55,2463.14,1949.68,8.09,4412.82,UPI,0
34714,ORD-2023-022155,1,2023-12-31,2023,Q4,12,December,West,India,Madhya Pradesh,Indore,Stationery Report 4,Office Supplies,Stationery,2463.14,4755.63,Charles Turner,Consumer,2.6,590,Hunter Miller,95.0,Retail Store,1,4777.18,712.8,2463.14,1601.24,24.42,4064.38,Credit Card,0
34877,ORD-2023-022260,1,2023-09-05,2023,Q3,9,September,East,India,West Bengal,Kolkata,Stationery Report 4,Office Supplies,Stationery,2463.14,4755.63,Matthew Wright,Consumer,4.4,997,Eric Parker,87.0,Retail Store,3,14336.61,342.22,7389.42,6604.97,10.77,13994.390000000001,Credit Card,0
35664,ORD-2025-022742,3,2025-10-23,2025,Q4,10,October,South,India,Tamil Nadu,Chennai,Stationery Report 4,Office Supplies,Stationery,2463.14,4755.63,Allison Murray,Consumer,2.4,6169,,,Online,2,9515.44,763.11,4926.28,3826.05,8.15,8752.33,Net Banking,0
36389,ORD-2024-023204,1,2024-10-14,2024,Q4,10,October,South,India,Telangana,Hyderabad,Stationery Report 4,Office Supplies,Stationery,2463.14,4755.63,Eddie Adams,Corporate,4.1,1259,Jo Hickman,70.0,Retail Store,2,9396.03,754.19,4926.28,3715.56,10.19,8641.84,Credit Card,0
36611,ORD-2024-023354,1,2024-03-04,2024,Q1,3,March,South,India,Tamil Nadu,Chennai,Stationery Report 4,Office Supplies,Stationery,2463.14,4755.63,Eileen Sanchez,Consumer,4.4,3223,Garrett Thomas,26.0,Distributor,2,9602.47,972.18,4926.28,3704.01,11.4,8630.289999999999,Net Banking,0
37067,ORD-2025-023650,2,2025-11-20,2025,Q4,11,November,East,India,West Bengal,Kolkata,Stationery Report 4,Office Supplies,Stationery,2463.14,4755.63,Kimberly Myers,Consumer,4.8,724,Noah Briggs,64.0,Distributor,1,4702.62,144.77,2463.14,2094.71,12.82,4557.849999999999,UPI,0
37464,ORD-2025-023909,2,2025-01-18,2025,Q1,1,January,West,India,Maharashtra,Mumbai,Stationery Report 4,Office Supplies,Stationery,2463.14,4755.63,Valerie Howard,Consumer,3.4,3025,Zachary Doyle,63.0,Marketplace,2,9364.68,3074.49,4926.28,1363.91,10.12,6290.1900000000005,UPI,0
37880,ORD-2022-024177,2,2022-05-23,2022,Q2,5,May,North,India,Uttar Pradesh,Lucknow,Stationery Report 4,Office Supplies,Stationery,2463.14,4755.63,Richard Jackson,Consumer,4.4,7516,Jenny Sanchez,58.0,Distributor,1,4740.69,447.52,2463.14,1830.03,28.06,4293.17,Net Banking,0
38002,ORD-2022-024249,1,2022-06-26,2022,Q2,6,June,Central,India,Chhattisgarh,Raipur,Stationery Report 4,Office Supplies,Stationery,2463.14,4755.63,Michael Burton,SMB,3.7,36,Jasmine Hahn,37.0,Retail Store,1,4758.86,355.7,2463.14,1940.02,30.0,4403.16,COD,0
38128,ORD-2023-024331,1,2023-12-20,2023,Q4,12,December,Central,India,Uttar Pradesh,Kanpur,Stationery Report 4,Office Supplies,Stationery,2463.14,4755.63,Joseph Myers,Consumer,4.6,3537,,,Online,2,9341.0,1470.16,4926.28,2944.56,29.48,7870.84,Credit Card,0
38135,ORD-2022-024336,2,2022-05-01,2022,Q2,5,May,South,India,Karnataka,Bengaluru,Stationery Report 4,Office Supplies,Stationery,2463.14,4755.63,David Oconnell,Consumer,4.4,7513,,,Online,1,4774.11,418.22,2463.14,1892.75,10.1,4355.889999999999,COD,0
38845,ORD-2025-024791,1,2025-11-06,2025,Q4,11,November,South,India,Tamil Nadu,Chennai,Stationery Report 4,Office Supplies,Stationery,2463.14,4755.63,Madison Richardson,Consumer,4.1,5253,,,Online,1,4798.48,705.18,2463.14,1630.16,9.49,4093.2999999999997,Net Banking,0
38854,ORD-2024-024798,2,2024-10-24,2024,Q4,10,October,Central,India,Uttarakhand,Dehradun,Stationery Report 4,Office Supplies,Stationery,2463.14,4755.63,Dylan Long,Consumer,3.5,6097,John Clark,51.0,Retail Store,4,19054.71,549.29,9852.56,8652.86,36.07,18505.42,Net Banking,0
39039,ORD-2025-024912,1,2025-06-06,2025,Q2,6,June,West,India,Gujarat,Ahmedabad,Stationery Report 4,Office Supplies,Stationery,2463.14,4755.63,Elizabeth Allen,Corporate,4.6,2299,Blake Norris,66.0,Distributor,3,14084.25,542.59,7389.42,6152.24,25.32,13541.66,Net Banking,0
39064,ORD-2025-024926,2,2025-02-19,2025,Q1,2,February,North,India,Haryana,Gurugram,Stationery Report 4,Office Supplies,Stationery,2463.14,4755.63,Jill Ray,Consumer,4.1,6069,,,Online,1,4817.15,453.27,2463.14,1900.74,38.94,4363.879999999999,Net Banking,0
39160,ORD-2022-024980,1,2022-08-04,2022,Q3,8,August,West,India,Gujarat,Ahmedabad,Stationery Report 4,Office Supplies,Stationery,2463.14,4755.63,Jennifer Howard,Consumer,3.9,4198,,,Marketplace,4,19221.27,2782.07,9852.56,6586.64,24.31,16439.2,UPI,0
39407,ORD-2023-025137,1,2023-12-26,2023,Q4,12,December,West,India,Goa,Panaji,Stationery Report 4,Office Supplies,Stationery,2463.14,4755.63,Richard Wilson,Corporate,3.3,7806,Cindy Garza,88.0,Online,1,4836.4,497.24,2463.14,1876.02,27.35,4339.16,UPI,0
40107,ORD-2024-025591,2,2024-02-07,2024,Q1,2,February,West,India,Maharashtra,Mumbai,Stationery Report 4,Office Supplies,Stationery,2463.14,4755.63,Emily Bennett,Corporate,4.5,281,,,Online,5,23972.63,5454.67,12315.7,6202.26,9.15,18517.96,UPI,0
40344,ORD-2023-025745,1,2023-09-28,2023,Q3,9,September,East,India,West Bengal,Kolkata,Stationery Report 4,Office Supplies,Stationery,2463.14,4755.63,Andrew Lynch,Corporate,3.7,3600,Eric Parker,87.0,Distributor,1,4761.41,184.21,2463.14,2114.06,12.36,4577.2,UPI,0
40391,ORD-2025-025777,1,2025-03-17,2025,Q1,3,March,Central,India,Himachal Pradesh,Shimla,Stationery Report 4,Office Supplies,Stationery,2463.14,4755.63,Allison Cunningham,Consumer,3.1,5090,,,Marketplace,1,4848.64,703.23,2463.14,1682.27,34.42,4145.41,Credit Card,0
40973,ORD-2024-026161,1,2024-04-26,2024,Q2,4,April,North,India,Delhi,New Delhi,Stationery Report 4,Office Supplies,Stationery,2463.14,4755.63,Melissa Stephens,Consumer,4.7,611,Alison Miller,19.0,Online,1,4743.33,269.54,2463.14,2010.65,8.29,4473.79,Net Banking,0
41858,ORD-2024-026743,1,2024-04-20,2024,Q2,4,April,South,India,Karnataka,Bengaluru,Stationery Report 4,Office Supplies,Stationery,2463.14,4755.63,James Johnson,Corporate,2.8,5296,Billy Cross,71.0,Retail Store,1,4831.03,256.12,2463.14,2111.77,10.73,4574.91,UPI,0
41992,ORD-2023-026839,2,2023-04-23,2023,Q2,4,April,West,India,Gujarat,Ahmedabad,Stationery Report 4,Office Supplies,Stationery,2463.14,4755.63,Tammy Taylor,Consumer,3.9,7409,,,Marketplace,9,42493.96,9233.78,22168.26,11091.92,36.2,33260.18,Credit Card,0
42207,ORD-2023-026976,1,2023-03-10,2023,Q1,3,March,West,India,Maharashtra,Mumbai,Stationery Report 4,Office Supplies,Stationery,2463.14,4755.63,Isaiah Turner,SMB,2.9,5546,,,Online,1,4832.51,384.18,2463.14,1985.19,9.75,4448.33,Wire Transfer,0
42261,ORD-2022-027007,1,2022-08-20,2022,Q3,8,August,South,India,Telangana,Hyderabad,Stationery Report 4,Office Supplies,Stationery,2463.14,4755.63,Nicholas Richardson,Consumer,3.2,2720,Eric Camacho,97.0,Retail Store,1,4732.63,810.24,2463.14,1459.25,10.83,3922.3900000000003,UPI,0
42553,ORD-2025-027203,1,2025-07-10,2025,Q3,7,July,South,India,Tamil Nadu,Chennai,Stationery Report 4,Office Supplies,Stationery,2463.14,4755.63,Jillian Wilson,Corporate,3.6,1006,Olivia Russell,16.0,Online,2,9590.26,1106.7,4926.28,3557.28,11.82,8483.56,Net Banking,0
42712,ORD-2024-027310,1,2024-05-03,2024,Q2,5,May,East,India,Odisha,Bhubaneswar,Stationery Report 4,Office Supplies,Stationery,2463.14,4755.63,Linda Berry,Consumer,4.1,3875,,,Online,2,9686.94,1209.94,4926.28,3550.72,28.43,8477.0,UPI,0
42885,ORD-2022-027424,2,2022-10-20,2022,Q4,10,October,East,India,Odisha,Bhubaneswar,Stationery Report 4,Office Supplies,Stationery,2463.14,4755.63,Ronald Martinez,SMB,3.9,2195,,,Online,1,4785.7,310.48,2463.14,2012.08,35.1,4475.219999999999,Credit Card,0
43152,ORD-2023-027583,1,2023-05-02,2023,Q2,5,May,Central,India,Himachal Pradesh,Shimla,Stationery Report 4,Office Supplies,Stationery,2463.14,4755.63,Justin Torres,Consumer,3.7,72,David Cruz,116.0,Distributor,3,14369.16,1670.67,7389.42,5309.07,32.49,12698.49,Credit Card,0
43383,ORD-2023-027731,3,2023-01-31,2023,Q1,1,January,East,India,Assam,Guwahati,Stationery Report 4,Office Supplies,Stationery,2463.14,4755.63,Mr. Antonio Yang,Consumer,4.1,3067,,,Marketplace,1,4844.94,1686.29,2463.14,695.51,29.69,3158.6499999999996,Credit Card,0
43408,ORD-2022-027747,1,2022-07-29,2022,Q3,7,July,West,India,Maharashtra,Pune,Stationery Report 4,Office Supplies,Stationery,2463.14,4755.63,Melanie Davidson,SMB,3.4,5340,Robin Baker,40.0,Retail Store,1,4820.72,782.96,2463.14,1574.62,11.27,4037.76,Credit Card,1
43467,ORD-2025-027785,1,2025-12-13,2025,Q4,12,December,North,India,Punjab,Chandigarh,Stationery Report 4,Office Supplies,Stationery,2463.14,4755.63,George Rogers DDS,Consumer,3.4,4941,,,Online,1,4816.56,387.08,2463.14,1966.34,33.73,4429.4800000000005,UPI,0
43512,ORD-2025-027821,1,2025-06-02,2025,Q2,6,June,East,India,West Bengal,Kolkata,Stationery Report 4,Office Supplies,Stationery,2463.14,4755.63,Anna Evans,SMB,4.2,1484,Diane Smith,92.0,Retail Store,1,4839.81,286.47,2463.14,2090.2,10.72,4553.34,Credit Card,0
43766,ORD-2023-027982,2,2023-12-10,2023,Q4,12,December,North,India,Punjab,Chandigarh,Stationery Report 4,Office Supplies,Stationery,2463.14,4755.63,Vanessa Zimmerman,Corporate,4.0,2610,Alison Delacruz,48.0,Marketplace,10,46969.25,14123.05,24631.4,8214.8,35.45,32846.2,Credit Card,0
44040,ORD-2023-028156,1,2023-09-20,2023,Q3,9,September,East,India,West Bengal,Kolkata,Stationery Report 4,Office Supplies,Stationery,2463.14,4755.63,Rodney Duran,Corporate,3.1,3765,Noah Briggs,64.0,Distributor,3,14323.05,1749.42,7389.42,5184.21,9.2,12573.63,Credit Card,0
44117,ORD-2022-028207,1,2022-05-29,2022,Q2,5,May,South,India,Tamil Nadu,Chennai,Stationery Report 4,Office Supplies,Stationery,2463.14,4755.63,Jason Jenkins,Consumer,4.1,3057,Garrett Thomas,26.0,Retail Store,4,19258.06,641.76,9852.56,8763.74,8.15,18616.300000000003,UPI,0
44201,ORD-2024-028257,2,2024-11-23,2024,Q4,11,November,West,India,Maharashtra,Mumbai,Stationery Report 4,Office Supplies,Stationery,2463.14,4755.63,Lisa Campbell,Consumer,3.6,6572,,,Online,2,9588.11,947.16,4926.28,3714.67,10.34,8640.95,Credit Card,0
44204,ORD-2024-028258,1,2024-10-22,2024,Q4,10,October,South,India,Tamil Nadu,Chennai,Stationery Report 4,Office Supplies,Stationery,2463.14,4755.63,Lisa Martin,Consumer,3.7,3211,,,Online,1,4726.43,652.87,2463.14,1610.42,12.61,4073.5600000000004,Wire Transfer,1
44570,ORD-2022-028483,1,2022-04-30,2022,Q2,4,April,South,India,Karnataka,Bengaluru,Stationery Report 4,Office Supplies,Stationery,2463.14,4755.63,Kelly Sims,SMB,3.7,5,Nicole Baker,6.0,Distributor,3,14226.92,1278.76,7389.42,5558.74,11.44,12948.16,UPI,0
44617,ORD-2023-028509,2,2023-11-14,2023,Q4,11,November,South,India,Tamil Nadu,Chennai,Stationery Report 4,Office Supplies,Stationery,2463.14,4755.63,Daniel Bush,Consumer,3.9,435,,,Online,2,9624.23,944.74,4926.28,3753.21,10.86,8679.49,UPI,0
45032,ORD-2025-028769,3,2025-10-30,2025,Q4,10,October,South,India,Telangana,Hyderabad,Stationery Report 4,Office Supplies,Stationery,2463.14,4755.63,Christopher Garcia,Corporate,4.6,6439,,,Online,2,9576.28,927.72,4926.28,3722.28,11.01,8648.560000000001,UPI,0
46027,ORD-2025-029398,1,2025-02-15,2025,Q1,2,February,West,India,Madhya Pradesh,Indore,Stationery Report 4,Office Supplies,Stationery,2463.14,4755.63,Heather Smith,Consumer,3.7,5475,,,Marketplace,4,19149.44,2979.07,9852.56,6317.81,30.54,16170.369999999999,UPI,0
46093,ORD-2022-029441,1,2022-07-18,2022,Q3,7,July,West,India,Maharashtra,Pune,Stationery Report 4,Office Supplies,Stationery,2463.14,4755.63,Robert Martin,Corporate,3.0,3734,,,Online,1,4691.94,476.37,2463.14,1752.43,12.65,4215.57,COD,0
46302,ORD-2023-029562,2,2023-04-14,2023,Q2,4,April,North,India,Delhi,New Delhi,Stationery Report 4,Office Supplies,Stationery,2463.14,4755.63,Stephanie Cole,Consumer,3.3,3028,Alison Miller,19.0,Retail Store,1,4843.36,335.63,2463.14,2044.59,10.54,4507.73,Net Banking,0
46382,ORD-2023-029622,1,2023-09-05,2023,Q3,9,September,Central,India,Uttar Pradesh,Kanpur,Stationery Report 4,Office Supplies,Stationery,2463.14,4755.63,Morgan Bernard,Corporate,4.0,2032,Joseph Blevins,113.0,Retail Store,2,9618.71,670.01,4926.28,4022.42,30.63,8948.699999999999,UPI,0
46627,ORD-2025-029781,2,2025-08-22,2025,Q3,8,August,East,India,Assam,Guwahati,Stationery Report 4,Office Supplies,Stationery,2463.14,4755.63,Tyler Taylor,Consumer,4.5,3837,Tyler Green,62.0,Distributor,1,4811.79,315.71,2463.14,2032.94,32.85,4496.08,UPI,0
46719,ORD-2025-029845,1,2025-02-25,2025,Q1,2,February,Central,India,Madhya Pradesh,Bhopal,Stationery Report 4,Office Supplies,Stationery,2463.14,4755.63,Andrew Chavez,Corporate,5.0,5085,Eric Harris DVM,98.0,Retail Store,1,4735.25,310.25,2463.14,1961.86,35.54,4425.0,Credit Card,0
46739,ORD-2022-029860,1,2022-04-05,2022,Q2,4,April,West,India,Maharashtra,Mumbai,Stationery Report 4,Office Supplies,Stationery,2463.14,4755.63,Ashley Brown,Consumer,3.5,1394,Stephen Leon,107.0,Retail Store,1,4812.57,352.85,2463.14,1996.58,11.79,4459.719999999999,UPI,0
46911,ORD-2025-029969,1,2025-07-17,2025,Q3,7,July,Central,India,Uttar Pradesh,Kanpur,Stationery Report 4,Office Supplies,Stationery,2463.14,4755.63,Kathleen Mooney,Consumer,3.0,2949,,,Online,9,43446.15,4210.15,22168.26,17067.74,25.37,39236.0,Net Banking,0
47298,ORD-2025-030220,1,2025-11-28,2025,Q4,11,November,South,India,Karnataka,Bengaluru,Stationery Report 4,Office Supplies,Stationery,2463.14,4755.63,Daniel Flynn,Consumer,3.3,1917,Billy Cross,71.0,Retail Store,1,4736.14,207.12,2463.14,2065.88,12.72,4529.02,Credit Card,0
47454,ORD-2023-030316,1,2023-11-18,2023,Q4,11,November,South,India,Telangana,Hyderabad,Stationery Report 4,Office Supplies,Stationery,2463.14,4755.63,Jessica Singh,Corporate,4.1,7081,Greg Williams,5.0,Retail Store,1,4791.53,259.2,2463.14,2069.19,11.13,4532.33,Credit Card,0
47577,ORD-2024-030383,1,2024-03-20,2024,Q1,3,March,North,India,Haryana,Gurugram,Stationery Report 4,Office Supplies,Stationery,2463.14,4755.63,Amy Martinez,Consumer,4.0,374,,,Online,1,4699.11,490.44,2463.14,1745.53,36.0,4208.67,UPI,0
47660,ORD-2025-030442,1,2025-10-06,2025,Q4,10,October,Central,India,Madhya Pradesh,Bhopal,Stationery Report 4,Office Supplies,Stationery,2463.14,4755.63,Jonathon Kim,Consumer,3.4,5142,Alexis Watson,77.0,Retail Store,1,4666.32,173.18,2463.14,2030.0,33.79,4493.139999999999,Net Banking,1
47882,ORD-2022-030596,1,2022-09-06,2022,Q3,9,September,North,India,Haryana,Gurugram,Stationery Report 4,Office Supplies,Stationery,2463.14,4755.63,Anthony King,Corporate,3.4,5526,,,Online,1,4772.49,328.79,2463.14,1980.56,32.32,4443.7,Credit Card,0
48139,ORD-2025-030761,2,2025-10-18,2025,Q4,10,October,West,India,Maharashtra,Mumbai,Stationery Report 4,Office Supplies,Stationery,2463.14,4755.63,Cynthia Le,SMB,4.0,7376,,,Online,6,29072.82,1855.48,14778.84,12438.5,10.42,27217.34,Credit Card,0
48242,ORD-2023-030825,2,2023-11-25,2023,Q4,11,November,West,India,Maharashtra,Pune,Stationery Report 4,Office Supplies,Stationery,2463.14,4755.63,Jacqueline Davis,Consumer,3.4,1314,,,Marketplace,1,4819.22,1579.25,2463.14,776.83,12.03,3239.9700000000003,UPI,0
48669,ORD-2022-031100,1,2022-11-23,2022,Q4,11,November,North,India,Delhi,New Delhi,Stationery Report 4,Office Supplies,Stationery,2463.14,4755.63,Alicia Grant DVM,Corporate,4.0,2766,,,Online,1,4771.41,401.51,2463.14,1906.76,8.48,4369.9,Credit Card,0
48958,ORD-2025-031286,1,2025-12-27,2025,Q4,12,December,South,India,Karnataka,Bengaluru,Stationery Report 4,Office Supplies,Stationery,2463.14,4755.63,Mary Copeland,Corporate,3.5,3783,Ryan Barrera,33.0,Retail Store,2,9458.69,18.43,4926.28,4513.98,11.2,9440.26,Net Banking,0
49016,ORD-2023-031320,2,2023-05-26,2023,Q2,5,May,West,India,Maharashtra,Pune,Stationery Report 4,Office Supplies,Stationery,2463.14,4755.63,Edwin Nunez,SMB,3.0,498,Robin Baker,40.0,Distributor,1,4789.33,478.96,2463.14,1847.23,12.73,4310.37,Net Banking,0
49411,ORD-2024-031571,2,2024-05-03,2024,Q2,5,May,East,India,Jharkhand,Ranchi,Stationery Report 4,Office Supplies,Stationery,2463.14,4755.63,David Walker,Consumer,5.0,1115,,,Online,2,9595.05,2772.31,4926.28,1896.46,36.93,6822.74,COD,0
49907,ORD-2023-031879,2,2023-09-15,2023,Q3,9,September,North,India,Delhi,New Delhi,Stationery Report 4,Office Supplies,Stationery,2463.14,4755.63,Curtis Wilkerson,Consumer,3.3,793,,,Online,1,4749.31,474.83,2463.14,1811.34,10.07,4274.4800000000005,Credit Card,0
50432,ORD-2023-032203,1,2023-10-14,2023,Q4,10,October,Central,India,Chhattisgarh,Raipur,Stationery Report 4,Office Supplies,Stationery,2463.14,4755.63,David Rodriguez,Corporate,3.7,833,,,Online,1,4844.21,729.54,2463.14,1651.53,33.96,4114.67,UPI,0
51070,ORD-2025-032608,1,2025-10-06,2025,Q4,10,October,East,India,Bihar,Patna,Stationery Report 4,Office Supplies,Stationery,2463.14,4755.63,Richard Beasley,Consumer,3.1,6449,Jill Stevens,44.0,Distributor,1,4828.84,340.47,2463.14,2025.23,27.71,4488.37,Credit Card,0
51164,ORD-2025-032669,1,2025-07-02,2025,Q3,7,July,East,India,Jharkhand,Ranchi,Stationery Report 4,Office Supplies,Stationery,2463.14,4755.63,John Duncan,Consumer,4.7,1039,Nathan Miles,80.0,Distributor,2,9330.22,445.35,4926.28,3958.59,24.84,8884.869999999999,Net Banking,0
51274,ORD-2022-032738,2,2022-07-17,2022,Q3,7,July,South,India,Karnataka,Bengaluru,Stationery Report 4,Office Supplies,Stationery,2463.14,4755.63,Sarah Booth,Consumer,3.8,1001,Ryan Barrera,33.0,Distributor,2,9609.0,1038.65,4926.28,3644.07,10.97,8570.35,UPI,0
51613,ORD-2024-032939,1,2024-05-05,2024,Q2,5,May,West,India,Goa,Panaji,Stationery Report 4,Office Supplies,Stationery,2463.14,4755.63,Louis Martin,Consumer,3.7,413,Cindy Garza,88.0,Retail Store,4,19183.85,1290.83,9852.56,8040.46,24.38,17893.019999999997,UPI,0
51756,ORD-2022-033023,1,2022-05-30,2022,Q2,5,May,North,India,Delhi,New Delhi,Stationery Report 4,Office Supplies,Stationery,2463.14,4755.63,William Wolfe,Consumer,3.0,1232,Alison Miller,19.0,Online,1,4683.61,300.94,2463.14,1919.53,10.98,4382.67,COD,0
52380,ORD-2024-033438,4,2024-07-03,2024,Q3,7,July,West,India,Gujarat,Ahmedabad,Stationery Report 4,Office Supplies,Stationery,2463.14,4755.63,Stephanie Fields,Consumer,3.0,1568,Stephen Shaw,69.0,Online,1,4733.6,502.07,2463.14,1768.39,28.55,4231.530000000001,UPI,0
53295,ORD-2025-034031,2,2025-06-07,2025,Q2,6,June,South,India,Kerala,Kochi,Stationery Report 4,Office Supplies,Stationery,2463.14,4755.63,Alicia James,Corporate,3.7,4010,Jose Smith,1.0,Retail Store,1,4838.03,316.7,2463.14,2058.19,32.41,4521.33,UPI,0
53355,ORD-2025-034072,1,2025-10-01,2025,Q4,10,October,Central,India,Himachal Pradesh,Shimla,Stationery Report 4,Office Supplies,Stationery,2463.14,4755.63,Barbara Glover,Consumer,3.8,5536,,,Online,3,14002.89,1556.31,7389.42,5057.16,31.65,12446.58,COD,0
53598,ORD-2023-034222,3,2023-07-30,2023,Q3,7,July,West,India,Gujarat,Ahmedabad,Stationery Report 4,Office Supplies,Stationery,2463.14,4755.63,Joanne Baker,Corporate,4.9,7541,Michelle Stevens,24.0,Retail Store,1,4692.45,351.55,2463.14,1877.76,29.32,4340.9,Credit Card,0
53904,ORD-2022-034426,1,2022-03-17,2022,Q1,3,March,West,India,Maharashtra,Pune,Stationery Report 4,Office Supplies,Stationery,2463.14,4755.63,Ariel Sandoval,Consumer,4.3,801,Michael Gibbs,4.0,Retail Store,1,4770.58,254.09,2463.14,2053.35,10.44,4516.49,UPI,0
54026,ORD-2025-034510,1,2025-03-08,2025,Q1,3,March,Central,India,Madhya Pradesh,Bhopal,Stationery Report 4,Office Supplies,Stationery,2463.14,4755.63,Jonathon Kim,Consumer,3.4,5142,,,Online,2,9628.48,846.46,4926.28,3855.74,25.25,8782.02,Wire Transfer,0
54077,ORD-2022-034542,1,2022-03-25,2022,Q1,3,March,South,India,Telangana,Hyderabad,Stationery Report 4,Office Supplies,Stationery,2463.14,4755.63,Joshua Herrera,Consumer,4.1,5806,Jo Hickman,70.0,Marketplace,1,4745.86,953.41,2463.14,1329.31,9.82,3792.45,Credit Card,0
54699,ORD-2023-034934,2,2023-05-03,2023,Q2,5,May,West,India,Gujarat,Ahmedabad,Stationery Report 4,Office Supplies,Stationery,2463.14,4755.63,Miguel Williams,Consumer,3.4,7077,Henry Brooks,100.0,Retail Store,1,4736.86,259.41,2463.14,2014.31,31.37,4477.45,Credit Card,0
54822,ORD-2025-035011,1,2025-02-12,2025,Q1,2,February,West,India,Maharashtra,Mumbai,Stationery Report 4,Office Supplies,Stationery,2463.14,4755.63,Mercedes Richardson,Consumer,3.5,5048,,,Online,2,9639.08,1462.16,4926.28,3250.64,10.11,8176.92,UPI,0
55085,ORD-2025-035178,1,2025-09-30,2025,Q3,9,September,South,India,Karnataka,Bengaluru,Stationery Report 4,Office Supplies,Stationery,2463.14,4755.63,Traci Martinez,SMB,2.6,3744,,,Online,2,9575.66,824.35,4926.28,3825.03,8.93,8751.31,UPI,0
55360,ORD-2025-035353,1,2025-05-21,2025,Q2,5,May,South,India,Karnataka,Bengaluru,Stationery Report 4,Office Supplies,Stationery,2463.14,4755.63,Mr. Thomas Garcia,Corporate,3.5,7091,,,Marketplace,4,19379.65,3089.61,9852.56,6437.48,11.71,16290.04,Credit Card,1
55517,ORD-2022-035449,1,2022-05-06,2022,Q2,5,May,North,India,Punjab,Chandigarh,Stationery Report 4,Office Supplies,Stationery,2463.14,4755.63,Brittany Heath,Consumer,5.0,3752,Alice May,79.0,Retail Store,1,4741.85,306.81,2463.14,1971.9,38.19,4435.04,Wire Transfer,0
55633,ORD-2025-035513,3,2025-10-10,2025,Q4,10,October,North,India,Rajasthan,Jaipur,Stationery Report 4,Office Supplies,Stationery,2463.14,4755.63,Sarah Frederick,Corporate,3.5,3128,,,Online,1,4707.4,334.56,2463.14,1909.7,27.96,4372.839999999999,Credit Card,0
56028,ORD-2025-035785,1,2025-11-02,2025,Q4,11,November,North,India,Uttar Pradesh,Lucknow,Stationery Report 4,Office Supplies,Stationery,2463.14,4755.63,Alex Johnson,Consumer,2.5,7458,Maria Williams,53.0,Retail Store,1,4764.77,320.85,2463.14,1980.78,38.08,4443.92,Net Banking,0
56115,ORD-2022-035843,1,2022-07-27,2022,Q3,7,July,Central,India,Chhattisgarh,Raipur,Stationery Report 4,Office Supplies,Stationery,2463.14,4755.63,Caitlin Curry,Consumer,3.5,5535,Carl Lopez,91.0,Retail Store,1,4842.83,137.68,2463.14,2242.01,24.97,4705.15,COD,0
56531,ORD-2023-036104,1,2023-09-23,2023,Q3,9,September,North,India,Uttar Pradesh,Lucknow,Stationery Report 4,Office Supplies,Stationery,2463.14,4755.63,Thomas Macdonald,Consumer,4.7,7520,,,Online,1,4672.97,374.55,2463.14,1835.28,28.3,4298.42,COD,0
56798,ORD-2025-036279,1,2025-12-31,2025,Q4,12,December,South,India,Telangana,Hyderabad,Stationery Report 4,Office Supplies,Stationery,2463.14,4755.63,Natalie Malone,Consumer,3.6,889,,,Online,2,9362.49,1120.67,4926.28,3315.54,11.18,8241.82,UPI,0
56996,ORD-2023-036405,1,2023-03-12,2023,Q1,3,March,South,India,Telangana,Hyderabad,Stationery Report 4,Office Supplies,Stationery,2463.14,4755.63,Anna Ross,Consumer,3.6,1366,,,Online,4,19396.17,2423.39,9852.56,7120.22,10.93,16972.78,Credit Card,0
57192,ORD-2022-036533,2,2022-12-04,2022,Q4,12,December,South,India,Tamil Nadu,Chennai,Stationery Report 4,Office Supplies,Stationery,2463.14,4755.63,Anthony Randolph,SMB,4.3,1063,Olivia Russell,16.0,Distributor,1,4787.1,303.03,2463.14,2020.93,11.9,4484.070000000001,Credit Card,0
57519,ORD-2022-036753,1,2022-12-31,2022,Q4,12,December,North,India,Haryana,Gurugram,Stationery Report 4,Office Supplies,Stationery,2463.14,4755.63,Veronica Diaz,Consumer,4.5,4327,Michael Hendrix,117.0,Distributor,1,4674.94,269.93,2463.14,1941.87,31.87,4405.009999999999,UPI,0
57614,ORD-2024-036818,3,2024-12-02,2024,Q4,12,December,West,India,Maharashtra,Pune,Stationery Report 4,Office Supplies,Stationery,2463.14,4755.63,Raymond Chapman,Consumer,4.9,620,,,Online,3,14137.48,2416.08,7389.42,4331.98,10.43,11721.4,Net Banking,1
58094,ORD-2023-037137,1,2023-04-19,2023,Q2,4,April,South,India,Telangana,Hyderabad,Stationery Report 4,Office Supplies,Stationery,2463.14,4755.63,Danny Butler,Consumer,4.5,5550,Taylor Parsons,103.0,Distributor,1,4831.66,376.83,2463.14,1991.69,8.95,4454.83,Net Banking,0
58405,ORD-2025-037337,3,2025-01-24,2025,Q1,1,January,South,India,Telangana,Hyderabad,Stationery Report 4,Office Supplies,Stationery,2463.14,4755.63,John Cole,SMB,3.3,7043,,,Marketplace,2,9534.19,1246.54,4926.28,3361.37,11.34,8287.650000000001,UPI,0
58629,ORD-2024-037490,1,2024-03-29,2024,Q1,3,March,South,India,Tamil Nadu,Chennai,Stationery Report 4,Office Supplies,Stationery,2463.14,4755.63,Patricia Cannon,Corporate,3.9,6129,Olivia Russell,16.0,Retail Store,1,4704.51,279.02,2463.14,1962.35,12.75,4425.49,Credit Card,0
60011,ORD-2024-038355,1,2024-11-30,2024,Q4,11,November,North,India,Delhi,New Delhi,Stationery Report 4,Office Supplies,Stationery,2463.14,4755.63,Jean Lane,Consumer,3.6,1570,,,Marketplace,1,4835.11,609.37,2463.14,1762.6,9.66,4225.74,UPI,0
60169,ORD-2025-038459,2,2025-06-05,2025,Q2,6,June,Central,India,Himachal Pradesh,Shimla,Stationery Report 4,Office Supplies,Stationery,2463.14,4755.63,Christopher Taylor,Consumer,3.0,1935,Amber Cruz,17.0,Retail Store,2,9604.08,609.44,4926.28,4068.36,25.36,8994.64,Net Banking,0
60200,ORD-2022-038479,2,2022-12-24,2022,Q4,12,December,East,India,West Bengal,Kolkata,Stationery Report 4,Office Supplies,Stationery,2463.14,4755.63,Carol Taylor DDS,Consumer,4.8,7857,Eric Parker,87.0,Online,1,4830.61,207.7,2463.14,2159.77,12.03,4622.91,UPI,0
60247,ORD-2024-038504,2,2024-07-27,2024,Q3,7,July,East,India,West Bengal,Kolkata,Stationery Report 4,Office Supplies,Stationery,2463.14,4755.63,Adam Burgess,Consumer,2.7,240,,,Marketplace,2,9540.29,1501.85,4926.28,3112.16,10.02,8038.4400000000005,COD,1
60328,ORD-2025-038561,2,2025-06-16,2025,Q2,6,June,West,India,Maharashtra,Mumbai,Stationery Report 4,Office Supplies,Stationery,2463.14,4755.63,Chris Velazquez,Consumer,3.6,742,Tammy Nguyen,2.0,Retail Store,3,14097.21,880.23,7389.42,5827.56,9.54,13216.98,Credit Card,0
60353,ORD-2023-038577,1,2023-09-10,2023,Q3,9,September,Central,India,Himachal Pradesh,Shimla,Stationery Report 4,Office Supplies,Stationery,2463.14,4755.63,Nancy Stewart,Consumer,4.3,2857,,,Online,1,4714.56,498.55,2463.14,1752.87,26.64,4216.01,COD,0
60994,ORD-2025-038982,3,2025-07-01,2025,Q3,7,July,West,India,Maharashtra,Pune,Stationery Report 4,Office Supplies,Stationery,2463.14,4755.63,Ashley Sanders,SMB,3.8,3314,Maria Dixon,73.0,Marketplace,3,14287.28,2248.16,7389.42,4649.7,11.76,12039.12,COD,0
61203,ORD-2023-039115,1,2023-06-08,2023,Q2,6,June,South,India,Karnataka,Bengaluru,Stationery Report 4,Office Supplies,Stationery,2463.14,4755.63,Nicole Price,Consumer,4.3,4892,,,Online,1,4725.42,462.15,2463.14,1800.13,11.79,4263.27,Credit Card,0
61258,ORD-2022-039154,1,2022-04-17,2022,Q2,4,April,East,India,Jharkhand,Ranchi,Stationery Report 4,Office Supplies,Stationery,2463.14,4755.63,Kevin Barber,Corporate,4.3,4834,Nathan Miles,80.0,Retail Store,1,4738.8,213.41,2463.14,2062.25,31.66,4525.39,Credit Card,0
61931,ORD-2022-039588,2,2022-11-04,2022,Q4,11,November,West,India,Maharashtra,Mumbai,Stationery Report 4,Office Supplies,Stationery,2463.14,4755.63,Christina Johnson,Consumer,4.0,851,,,Online,2,9409.84,1139.53,4926.28,3344.03,9.38,8270.31,UPI,0
62019,ORD-2023-039639,1,2023-11-07,2023,Q4,11,November,West,India,Maharashtra,Pune,Stationery Report 4,Office Supplies,Stationery,2463.14,4755.63,Emily Fleming,Corporate,3.8,2215,Lisa Henderson,84.0,Distributor,1,4763.52,416.67,2463.14,1883.71,10.51,4346.85,Credit Card,0
62065,ORD-2023-039666,1,2023-05-09,2023,Q2,5,May,West,India,Goa,Panaji,Stationery Report 4,Office Supplies,Stationery,2463.14,4755.63,Sean Clay,SMB,3.2,563,,,Online,1,4772.6,750.87,2463.14,1558.59,25.96,4021.7300000000005,Net Banking,0
62214,ORD-2024-039760,1,2024-01-29,2024,Q1,1,January,North,India,Delhi,New Delhi,Stationery Report 4,Office Supplies,Stationery,2463.14,4755.63,Crystal Beltran,Corporate,4.4,7098,,,Online,2,9447.66,746.05,4926.28,3775.33,11.02,8701.61,Credit Card,0
63053,ORD-2025-040298,1,2025-11-10,2025,Q4,11,November,South,India,Telangana,Hyderabad,Stationery Report 4,Office Supplies,Stationery,2463.14,4755.63,Kathryn Smith,Corporate,4.7,6352,Michelle Hall,30.0,Retail Store,1,4674.96,272.08,2463.14,1939.74,8.57,4402.88,COD,0
63238,ORD-2023-040407,1,2023-10-14,2023,Q4,10,October,Central,India,Uttarakhand,Dehradun,Stationery Report 4,Office Supplies,Stationery,2463.14,4755.63,Susan Torres,Corporate,3.8,1572,,,Online,3,14065.47,1459.7,7389.42,5216.35,34.22,12605.769999999999,Credit Card,0
63303,ORD-2025-040451,1,2025-07-03,2025,Q3,7,July,East,India,Jharkhand,Ranchi,Stationery Report 4,Office Supplies,Stationery,2463.14,4755.63,John Clark,Consumer,3.8,6774,,,Online,5,23707.07,2100.23,12315.7,9291.14,24.47,21606.84,UPI,0
63641,ORD-2025-040678,4,2025-04-20,2025,Q2,4,April,South,India,Tamil Nadu,Chennai,Stationery Report 4,Office Supplies,Stationery,2463.14,4755.63,Matthew Evans,SMB,3.8,3774,Garrett Thomas,26.0,Marketplace,1,4688.71,661.6,2463.14,1563.97,12.39,4027.11,Credit Card,0
63665,ORD-2024-040694,2,2024-10-06,2024,Q4,10,October,South,India,Andhra Pradesh,Visakhapatnam,Stationery Report 4,Office Supplies,Stationery,2463.14,4755.63,Steven Hall,SMB,3.2,4592,Valerie Rodriguez,110.0,Online,2,9594.61,1310.32,4926.28,3358.01,35.23,8284.29,Net Banking,0
63839,ORD-2023-040811,2,2023-07-31,2023,Q3,7,July,East,India,Bihar,Patna,Stationery Report 4,Office Supplies,Stationery,2463.14,4755.63,Teresa Smith,Corporate,3.7,5916,,,Online,1,4665.29,1178.39,2463.14,1023.76,27.72,3486.8999999999996,COD,0
64555,ORD-2024-041269,1,2024-12-02,2024,Q4,12,December,North,India,Delhi,New Delhi,Stationery Report 4,Office Supplies,Stationery,2463.14,4755.63,Charles Gonzales,Corporate,4.4,6011,,,Online,5,23892.73,5808.56,12315.7,5768.47,10.04,18084.17,UPI,1
64780,ORD-2025-041412,1,2025-01-26,2025,Q1,1,January,North,India,Haryana,Gurugram,Stationery Report 4,Office Supplies,Stationery,2463.14,4755.63,Meagan Charles,Corporate,4.1,5152,Michael Hendrix,117.0,Retail Store,1,4839.49,224.62,2463.14,2151.73,33.71,4614.87,UPI,0
65028,ORD-2025-041569,1,2025-02-02,2025,Q1,2,February,West,India,Gujarat,Ahmedabad,Stationery Report 4,Office Supplies,Stationery,2463.14,4755.63,Kathryn Thomas,Consumer,3.3,5275,Michelle Stevens,24.0,Retail Store,2,9582.59,259.28,4926.28,4397.03,38.11,9323.31,COD,0
65999,ORD-2022-042198,2,2022-05-23,2022,Q2,5,May,Central,India,Uttar Pradesh,Kanpur,Stationery Report 4,Office Supplies,Stationery,2463.14,4755.63,Noah Morgan,Corporate,4.6,2733,Joseph Blevins,113.0,Retail Store,2,9369.28,307.82,4926.28,4135.18,31.21,9061.460000000001,Net Banking,0
66634,ORD-2024-042583,1,2024-03-26,2024,Q1,3,March,South,India,Telangana,Hyderabad,Stationery Report 4,Office Supplies,Stationery,2463.14,4755.63,Debra Smith,Consumer,3.9,5108,Eric Camacho,97.0,Online,6,28323.95,2480.72,14778.84,11064.39,12.33,25843.23,Net Banking,0
67830,ORD-2022-043354,1,2022-06-15,2022,Q2,6,June,Central,India,Uttarakhand,Dehradun,Stationery Report 4,Office Supplies,Stationery,2463.14,4755.63,Chad Taylor,Corporate,3.0,5781,,,Online,3,14306.21,1801.28,7389.42,5115.51,38.46,12504.929999999998,Credit Card,0
67912,ORD-2022-043400,3,2022-08-04,2022,Q3,8,August,South,India,Telangana,Hyderabad,Stationery Report 4,Office Supplies,Stationery,2463.14,4755.63,William Silva,SMB,4.0,4287,Eric Camacho,97.0,Online,5,23732.15,1542.65,12315.7,9873.8,11.24,22189.5,UPI,0
67996,ORD-2022-043452,4,2022-03-04,2022,Q1,3,March,East,India,Jharkhand,Ranchi,Stationery Report 4,Office Supplies,Stationery,2463.14,4755.63,Gary Chavez,Consumer,3.5,5574,,,Online,1,4669.2,918.34,2463.14,1287.72,29.79,3750.8599999999997,UPI,0
68188,ORD-2023-043574,2,2023-11-18,2023,Q4,11,November,West,India,Maharashtra,Pune,Stationery Report 4,Office Supplies,Stationery,2463.14,4755.63,John Vaughn,Corporate,3.8,1594,Michael Gibbs,4.0,Retail Store,3,14178.0,0.0,7389.42,6788.58,10.94,14178.0,Net Banking,1
68553,ORD-2022-043808,1,2022-10-13,2022,Q4,10,October,Central,India,Chhattisgarh,Raipur,Stationery Report 4,Office Supplies,Stationery,2463.14,4755.63,Greg Tanner,Consumer,3.6,1721,Nancy Hogan,54.0,Distributor,3,14437.34,1133.85,7389.42,5914.07,25.76,13303.49,COD,0
68562,ORD-2023-043813,1,2023-04-17,2023,Q2,4,April,South,India,Tamil Nadu,Chennai,Stationery Report 4,Office Supplies,Stationery,2463.14,4755.63,Laura Mckinney,Consumer,3.5,245,Jesse Yang,89.0,Retail Store,1,4849.51,256.97,2463.14,2129.4,12.88,4592.54,UPI,0
68642,ORD-2022-043861,3,2022-10-11,2022,Q4,10,October,South,India,Telangana,Hyderabad,Stationery Report 4,Office Supplies,Stationery,2463.14,4755.63,Nicole Wilson,Consumer,3.1,32,,,Online,1,4842.58,661.49,2463.14,1717.95,12.32,4181.09,Net Banking,0
69143,ORD-2025-044173,1,2025-02-18,2025,Q1,2,February,North,India,Haryana,Gurugram,Stationery Report 4,Office Supplies,Stationery,2463.14,4755.63,Anthony King,Corporate,3.4,5526,Latoya Fitzgerald,67.0,Retail Store,4,19333.28,1726.72,9852.56,7754.0,29.69,17606.559999999998,UPI,0
69196,ORD-2025-044205,2,2025-02-10,2025,Q1,2,February,South,India,Telangana,Hyderabad,Stationery Report 4,Office Supplies,Stationery,2463.14,4755.63,Michael Abbott,Consumer,3.6,557,Jared Spence,78.0,Online,1,4792.11,533.41,2463.14,1795.56,11.16,4258.7,Wire Transfer,0
69259,ORD-2022-044242,1,2022-11-12,2022,Q4,11,November,South,India,Telangana,Hyderabad,Stationery Report 4,Office Supplies,Stationery,2463.14,4755.63,Paul Ferguson,Consumer,3.8,6542,Daniel Martinez,34.0,Distributor,1,4728.63,423.4,2463.14,1842.09,9.17,4305.2300000000005,Net Banking,0
69696,ORD-2022-044516,1,2022-10-14,2022,Q4,10,October,Central,India,Uttar Pradesh,Kanpur,Stationery Report 4,Office Supplies,Stationery,2463.14,4755.63,John Cooper,Consumer,3.7,3458,,,Online,4,18824.52,1855.36,9852.56,7116.6,37.45,16969.16,UPI,0
69699,ORD-2025-044519,1,2025-12-22,2025,Q4,12,December,South,India,Karnataka,Bengaluru,Stationery Report 4,Office Supplies,Stationery,2463.14,4755.63,Kenneth Johnson,Consumer,3.9,6478,,,Online,3,14421.35,1416.4,7389.42,5615.53,8.46,13004.95,Credit Card,0
69995,ORD-2024-044705,2,2024-05-29,2024,Q2,5,May,East,India,Bihar,Patna,Stationery Report 4,Office Supplies,Stationery,2463.14,4755.63,Shane Short,Consumer,4.4,1524,Jill Stevens,44.0,Distributor,1,4735.57,388.2,2463.14,1884.23,31.81,4347.37,Credit Card,0
70111,ORD-2023-044781,1,2023-09-21,2023,Q3,9,September,East,India,West Bengal,Kolkata,Stationery Report 4,Office Supplies,Stationery,2463.14,4755.63,Erica Moon,Corporate,4.7,1074,,,Marketplace,1,4797.73,615.58,2463.14,1719.01,11.02,4182.15,Credit Card,0
70178,ORD-2025-044826,1,2025-03-31,2025,Q1,3,March,East,India,Assam,Guwahati,Stationery Report 4,Office Supplies,Stationery,2463.14,4755.63,Amy Moore,Corporate,4.0,5432,,,Marketplace,2,9403.91,1771.89,4926.28,2705.74,32.57,7632.0199999999995,UPI,0
70398,ORD-2022-044965,1,2022-09-02,2022,Q3,9,September,South,India,Tamil Nadu,Chennai,Stationery Report 4,Office Supplies,Stationery,2463.14,4755.63,Kenneth Watkins,Corporate,3.7,5708,Dylan Baker,56.0,Retail Store,2,9361.33,934.29,4926.28,3500.76,12.79,8427.04,UPI,0
70635,ORD-2025-045108,1,2025-03-04,2025,Q1,3,March,South,India,Karnataka,Bengaluru,Stationery Report 4,Office Supplies,Stationery,2463.14,4755.63,Thomas Reyes,Corporate,3.6,1888,Billy Cross,71.0,Retail Store,1,4741.29,347.86,2463.14,1930.29,8.05,4393.43,COD,0
71188,ORD-2023-045461,2,2023-03-26,2023,Q1,3,March,East,India,West Bengal,Kolkata,Stationery Report 4,Office Supplies,Stationery,2463.14,4755.63,Patrick Blackburn,Corporate,3.0,3770,,,Online,2,9466.49,1388.35,4926.28,3151.86,10.81,8078.139999999999,UPI,0
71202,ORD-2024-045469,1,2024-10-16,2024,Q4,10,October,East,India,Assam,Guwahati,Stationery Report 4,Office Supplies,Stationery,2463.14,4755.63,Sherri Logan,Consumer,3.2,5227,,,Online,4,18805.72,1652.23,9852.56,7300.93,35.52,17153.49,Credit Card,0
71460,ORD-2023-045635,4,2023-12-08,2023,Q4,12,December,West,India,Maharashtra,Mumbai,Stationery Report 4,Office Supplies,Stationery,2463.14,4755.63,Eduardo Booth,Corporate,3.2,6030,Erin Mcdowell,105.0,Retail Store,1,4708.28,537.57,2463.14,1707.57,8.22,4170.71,UPI,0
71535,ORD-2025-045681,1,2025-03-07,2025,Q1,3,March,East,India,West Bengal,Kolkata,Stationery Report 4,Office Supplies,Stationery,2463.14,4755.63,Mrs. Melissa Robinson,Consumer,4.1,6459,,,Online,2,9606.89,2100.26,4926.28,2580.35,8.36,7506.629999999999,Credit Card,0
71555,ORD-2025-045695,1,2025-11-05,2025,Q4,11,November,East,India,Odisha,Bhubaneswar,Stationery Report 4,Office Supplies,Stationery,2463.14,4755.63,Richard Smith,SMB,4.3,6536,Carlos Brown,10.0,Online,3,14015.55,1274.16,7389.42,5351.97,37.14,12741.39,UPI,0
71917,ORD-2023-045933,2,2023-06-22,2023,Q2,6,June,East,India,Assam,Guwahati,Stationery Report 4,Office Supplies,Stationery,2463.14,4755.63,Dalton Davis,Corporate,3.6,3456,Valerie Rodriguez,110.0,Retail Store,2,9589.12,751.42,4926.28,3911.42,35.14,8837.7,COD,0
71976,ORD-2024-045964,2,2024-05-12,2024,Q2,5,May,South,India,Kerala,Kochi,Stationery Report 4,Office Supplies,Stationery,2463.14,4755.63,Lauren Walker,Consumer,4.9,6071,,,Online,2,9606.08,1541.85,4926.28,3137.95,37.66,8064.23,Credit Card,0
72267,ORD-2023-046149,2,2023-08-30,2023,Q3,8,August,West,India,Maharashtra,Mumbai,Stationery Report 4,Office Supplies,Stationery,2463.14,4755.63,Samuel Stuart,SMB,3.4,1937,,,Online,6,28957.07,3592.96,14778.84,10585.27,12.66,25364.11,UPI,0
73196,ORD-2025-046762,1,2025-04-08,2025,Q2,4,April,Central,India,Himachal Pradesh,Shimla,Stationery Report 4,Office Supplies,Stationery,2463.14,4755.63,Julian Williams,Consumer,4.4,1809,,,Online,5,23500.75,2088.51,12315.7,9096.54,25.93,21412.239999999998,UPI,0
73261,ORD-2023-046810,2,2023-11-15,2023,Q4,11,November,East,India,Jharkhand,Ranchi,Stationery Report 4,Office Supplies,Stationery,2463.14,4755.63,Steven Haas,Consumer,4.3,3148,Nathan Miles,80.0,Retail Store,2,9352.53,428.12,4926.28,3998.13,30.67,8924.41,COD,0
73279,ORD-2022-046821,1,2022-02-02,2022,Q1,2,February,East,India,West Bengal,Kolkata,Stationery Report 4,Office Supplies,Stationery,2463.14,4755.63,Jeanette Garcia,Consumer,3.1,5236,Noah Briggs,64.0,Distributor,2,9521.45,168.74,4926.28,4426.43,8.56,9352.710000000001,COD,0
73299,ORD-2022-046833,1,2022-08-11,2022,Q3,8,August,West,India,Maharashtra,Pune,Stationery Report 4,Office Supplies,Stationery,2463.14,4755.63,Jonathan Walker,Consumer,5.0,1377,Shelly Jackson,93.0,Retail Store,1,4842.7,405.76,2463.14,1973.8,12.68,4436.94,UPI,0
73496,ORD-2024-046947,1,2024-11-02,2024,Q4,11,November,East,India,Assam,Guwahati,Stationery Report 4,Office Supplies,Stationery,2463.14,4755.63,Yolanda Anderson,Consumer,4.2,6834,Shawn Patel,86.0,Distributor,3,14239.64,1441.55,7389.42,5408.67,25.16,12798.09,Credit Card,0
74114,ORD-2022-047339,1,2022-11-19,2022,Q4,11,November,North,India,Rajasthan,Jaipur,Stationery Report 4,Office Supplies,Stationery,2463.14,4755.63,Michael Suarez,Corporate,4.1,2700,Andrea Brown,85.0,Retail Store,2,9425.2,414.77,4926.28,4084.15,32.77,9010.43,UPI,0
74453,ORD-2023-047553,1,2023-12-19,2023,Q4,12,December,North,India,Uttar Pradesh,Lucknow,Stationery Report 4,Office Supplies,Stationery,2463.14,4755.63,Erik Dean,Consumer,3.3,7040,Susan Melendez,39.0,Retail Store,1,4758.76,436.61,2463.14,1859.01,32.37,4322.150000000001,UPI,0
74643,ORD-2025-047682,1,2025-02-09,2025,Q1,2,February,North,India,Delhi,New Delhi,Stationery Report 4,Office Supplies,Stationery,2463.14,4755.63,Jacob Hoover,Consumer,3.7,4168,,,Marketplace,2,9571.08,1148.34,4926.28,3496.46,9.56,8422.74,COD,0
74775,ORD-2024-047764,1,2024-10-23,2024,Q4,10,October,South,India,Karnataka,Bengaluru,Stationery Report 4,Office Supplies,Stationery,2463.14,4755.63,John Johnson,Consumer,4.0,4202,,,Online,1,4773.74,266.33,2463.14,2044.27,10.02,4507.41,UPI,0
75446,ORD-2023-048186,3,2023-10-28,2023,Q4,10,October,Central,India,Uttar Pradesh,Kanpur,Stationery Report 4,Office Supplies,Stationery,2463.14,4755.63,Michelle Graham,Corporate,4.1,5878,Jeffery Davis,72.0,Distributor,1,4689.35,144.95,2463.14,2081.26,24.05,4544.400000000001,UPI,0
75518,ORD-2023-048235,1,2023-12-22,2023,Q4,12,December,South,India,Andhra Pradesh,Visakhapatnam,Stationery Report 4,Office Supplies,Stationery,2463.14,4755.63,Raymond Sawyer,Consumer,4.2,1738,,,Marketplace,1,4769.92,643.78,2463.14,1663.0,26.16,4126.14,UPI,0
75535,ORD-2022-048246,1,2022-06-27,2022,Q2,6,June,West,India,Goa,Panaji,Stationery Report 4,Office Supplies,Stationery,2463.14,4755.63,Jason Miller,Corporate,4.3,2202,,,Online,1,4723.75,1320.64,2463.14,939.97,30.02,3403.1099999999997,UPI,0
75610,ORD-2025-048297,1,2025-08-12,2025,Q3,8,August,East,India,West Bengal,Kolkata,Stationery Report 4,Office Supplies,Stationery,2463.14,4755.63,Dawn Little,Consumer,3.5,1308,,,Marketplace,2,9573.05,1995.37,4926.28,2651.4,10.07,7577.679999999999,Net Banking,0
75729,ORD-2024-048368,3,2024-12-24,2024,Q4,12,December,West,India,Maharashtra,Pune,Stationery Report 4,Office Supplies,Stationery,2463.14,4755.63,Michael Moore,Consumer,3.5,2047,Terri Davis,112.0,Retail Store,1,4736.44,188.3,2463.14,2085.0,12.65,4548.139999999999,Credit Card,0
75846,ORD-2025-048446,3,2025-12-30,2025,Q4,12,December,West,India,Maharashtra,Mumbai,Stationery Report 4,Office Supplies,Stationery,2463.14,4755.63,Julia Mullins,Consumer,3.5,5543,,,Marketplace,3,14279.92,2524.19,7389.42,4366.31,12.69,11755.73,UPI,0
75936,ORD-2022-048498,1,2022-09-24,2022,Q3,9,September,North,India,Delhi,New Delhi,Stationery Report 4,Office Supplies,Stationery,2463.14,4755.63,Connie Turner,Corporate,3.1,511,Alison Miller,19.0,Retail Store,1,4806.73,372.47,2463.14,1971.12,12.29,4434.259999999999,UPI,0
75956,ORD-2022-048512,1,2022-01-12,2022,Q1,1,January,South,India,Kerala,Kochi,Stationery Report 4,Office Supplies,Stationery,2463.14,4755.63,Bradley Burns,Corporate,3.9,2561,,,Online,2,9653.42,597.06,4926.28,4130.08,36.14,9056.36,COD,0
76031,ORD-2024-048561,1,2024-04-04,2024,Q2,4,April,Central,India,Chhattisgarh,Raipur,Stationery Report 4,Office Supplies,Stationery,2463.14,4755.63,Jonathan Tanner,Corporate,4.1,7329,,,Online,5,24052.84,1894.78,12315.7,9842.36,30.51,22158.06,COD,1
76499,ORD-2025-048865,1,2025-11-09,2025,Q4,11,November,South,India,Telangana,Hyderabad,Stationery Report 4,Office Supplies,Stationery,2463.14,4755.63,Shane Gonzalez,Consumer,3.3,7715,,,Online,6,28418.3,3348.28,14778.84,10291.18,8.59,25070.02,UPI,0
76508,ORD-2022-048871,1,2022-01-31,2022,Q1,1,January,West,India,Maharashtra,Mumbai,Stationery Report 4,Office Supplies,Stationery,2463.14,4755.63,Rebekah Gregory,Consumer,3.2,988,,,Marketplace,1,4736.49,722.66,2463.14,1550.69,8.72,4013.83,UPI,0
76661,ORD-2024-048973,1,2024-04-20,2024,Q2,4,April,West,India,Madhya Pradesh,Indore,Stationery Report 4,Office Supplies,Stationery,2463.14,4755.63,Phillip Turner,Consumer,3.4,3095,,,Online,3,14300.36,1496.78,7389.42,5414.16,31.18,12803.58,UPI,1
76696,ORD-2025-048995,1,2025-12-30,2025,Q4,12,December,East,India,West Bengal,Kolkata,Stationery Report 4,Office Supplies,Stationery,2463.14,4755.63,Denise Johnson,SMB,3.7,4156,,,Online,1,4661.7,544.71,2463.14,1653.85,8.57,4116.99,Net Banking,0
76839,ORD-2022-049088,4,2022-03-22,2022,Q1,3,March,South,India,Telangana,Hyderabad,Stationery Report 4,Office Supplies,Stationery,2463.14,4755.63,Kenneth Lewis,Corporate,4.0,219,,,Online,1,4739.97,354.47,2463.14,1922.36,10.82,4385.5,UPI,0
77082,ORD-2025-049244,1,2025-04-18,2025,Q2,4,April,East,India,Odisha,Bhubaneswar,Stationery Report 4,Office Supplies,Stationery,2463.14,4755.63,Patricia Paul,Consumer,3.2,6176,Carlos Brown,10.0,Distributor,1,4831.69,319.2,2463.14,2049.35,35.35,4512.49,Credit Card,0
77910,ORD-2022-049768,4,2022-12-10,2022,Q4,12,December,East,India,Odisha,Bhubaneswar,Stationery Report 4,Office Supplies,Stationery,2463.14,4755.63,Antonio Johnson,Consumer,3.6,2259,,,Marketplace,2,9531.52,1465.99,4926.28,3139.25,36.05,8065.530000000001,UPI,0
78577,ORD-2024-050211,2,2024-01-18,2024,Q1,1,January,North,India,Delhi,New Delhi,Stationery Report 4,Office Supplies,Stationery,2463.14,4755.63,Jessica Walsh,Consumer,3.0,7382,Alison Miller,19.0,Distributor,1,4803.51,151.29,2463.14,2189.08,8.77,4652.22,UPI,0
78681,ORD-2024-050272,2,2024-03-18,2024,Q1,3,March,North,India,Delhi,New Delhi,Stationery Report 4,Office Supplies,Stationery,2463.14,4755.63,Brittany Stevens,Consumer,4.1,1085,,,Marketplace,3,14483.07,2732.71,7389.42,4360.94,12.35,11750.36,COD,0
78819,ORD-2024-050363,2,2024-09-22,2024,Q3,9,September,North,India,Delhi,New Delhi,Stationery Report 4,Office Supplies,Stationery,2463.14,4755.63,Tammy Mcdaniel,SMB,4.5,4294,Alison Miller,19.0,Retail Store,1,4787.02,172.61,2463.14,2151.27,10.08,4614.410000000001,UPI,0
78882,ORD-2023-050399,1,2023-09-28,2023,Q3,9,September,North,India,Delhi,New Delhi,Stationery Report 4,Office Supplies,Stationery,2463.14,4755.63,Daniel James,Corporate,3.8,3689,Alison Miller,19.0,Distributor,3,14021.93,193.64,7389.42,6438.87,10.13,13828.29,Wire Transfer,0
79296,ORD-2024-050668,1,2024-06-25,2024,Q2,6,June,North,India,Rajasthan,Jaipur,Stationery Report 4,Office Supplies,Stationery,2463.14,4755.63,Rachel Norris,Corporate,4.1,6037,Thomas Garcia,118.0,Retail Store,1,4847.14,0.0,2463.14,2384.0,25.66,4847.14,UPI,0
79869,ORD-2022-051023,1,2022-07-23,2022,Q3,7,July,North,India,Delhi,New Delhi,Stationery Report 4,Office Supplies,Stationery,2463.14,4755.63,Taylor Howard,Consumer,3.7,7085,Alison Miller,19.0,Retail Store,1,4705.71,389.72,2463.14,1852.85,11.14,4315.99,UPI,0
79908,ORD-2023-051043,1,2023-04-06,2023,Q2,4,April,Central,India,Madhya Pradesh,Bhopal,Stationery Report 4,Office Supplies,Stationery,2463.14,4755.63,Danielle Hernandez,Consumer,4.0,2660,Kimberly Jackson,8.0,Distributor,4,19297.82,1477.91,9852.56,7967.35,33.39,17819.91,UPI,0
79990,ORD-2024-051092,2,2024-02-12,2024,Q1,2,February,East,India,West Bengal,Kolkata,Stationery Report 4,Office Supplies,Stationery,2463.14,4755.63,Kenneth Schmidt,Consumer,2.5,6039,Noah Briggs,64.0,Retail Store,2,9528.31,665.29,4926.28,3936.74,8.59,8863.02,Net Banking,0
80386,ORD-2024-051357,1,2024-06-06,2024,Q2,6,June,West,India,Goa,Panaji,Stationery Report 4,Office Supplies,Stationery,2463.14,4755.63,Shawn Scott,SMB,3.9,958,Cindy Garza,88.0,Retail Store,1,4691.73,437.65,2463.14,1790.94,35.15,4254.08,Credit Card,0
80700,ORD-2024-051581,2,2024-08-25,2024,Q3,8,August,West,India,Maharashtra,Pune,Stationery Report 4,Office Supplies,Stationery,2463.14,4755.63,Jessica Jones,Consumer,4.6,5324,,,Online,1,4683.04,433.37,2463.14,1786.53,11.69,4249.67,Net Banking,0
80755,ORD-2024-051618,1,2024-07-10,2024,Q3,7,July,East,India,West Bengal,Kolkata,Stationery Report 4,Office Supplies,Stationery,2463.14,4755.63,Ashley Jackson,Consumer,4.1,2743,Diane Smith,92.0,Retail Store,1,4698.91,40.79,2463.14,2194.98,12.6,4658.12,Credit Card,0
80954,ORD-2022-051750,1,2022-03-26,2022,Q1,3,March,South,India,Telangana,Hyderabad,Stationery Report 4,Office Supplies,Stationery,2463.14,4755.63,Eric Henry Jr.,Consumer,3.8,810,Jo Hickman,70.0,Retail Store,4,19165.57,1469.59,9852.56,7843.42,8.75,17695.98,Net Banking,1
81956,ORD-2024-052401,1,2024-11-30,2024,Q4,11,November,West,India,Maharashtra,Pune,Stationery Report 4,Office Supplies,Stationery,2463.14,4755.63,Mrs. Heather Meyers,Consumer,2.8,7897,Michael Gibbs,4.0,Online,1,4730.32,648.48,2463.14,1618.7,10.2,4081.8399999999997,Net Banking,0
82065,ORD-2023-052467,3,2023-11-11,2023,Q4,11,November,Central,India,Uttarakhand,Dehradun,Stationery Report 4,Office Supplies,Stationery,2463.14,4755.63,Rickey Hall,SMB,3.6,4028,David Mitchell,42.0,Retail Store,2,9355.61,876.94,4926.28,3552.39,38.38,8478.67,UPI,0
82161,ORD-2025-052531,1,2025-01-17,2025,Q1,1,January,South,India,Karnataka,Bengaluru,Stationery Report 4,Office Supplies,Stationery,2463.14,4755.63,Jacob Love,Consumer,4.2,5590,Henry Parker,49.0,Retail Store,1,4821.0,1519.74,2463.14,838.12,8.84,3301.26,Credit Card,0
82270,ORD-2022-052595,2,2022-11-21,2022,Q4,11,November,South,India,Tamil Nadu,Chennai,Stationery Report 4,Office Supplies,Stationery,2463.14,4755.63,Ashley Olson,Consumer,3.6,4918,Olivia Russell,16.0,Retail Store,1,4673.9,170.06,2463.14,2040.7,8.72,4503.839999999999,Credit Card,0
83023,ORD-2023-053061,1,2023-11-29,2023,Q4,11,November,North,India,Delhi,New Delhi,Stationery Report 4,Office Supplies,Stationery,2463.14,4755.63,Gregory Harrell,SMB,3.9,2168,Alison Miller,19.0,Online,4,18705.64,1932.69,9852.56,6920.39,9.48,16772.95,Net Banking,0
83232,ORD-2023-053194,1,2023-07-19,2023,Q3,7,July,West,India,Maharashtra,Pune,Stationery Report 4,Office Supplies,Stationery,2463.14,4755.63,Stephanie Livingston,Consumer,4.4,4366,Megan Hernandez,31.0,Retail Store,2,9665.04,801.12,4926.28,3937.64,9.12,8863.92,COD,0
83253,ORD-2023-053205,3,2023-05-07,2023,Q2,5,May,South,India,Tamil Nadu,Chennai,Stationery Report 4,Office Supplies,Stationery,2463.14,4755.63,Eileen Sanchez,Consumer,4.4,3223,,,Online,1,4668.94,741.58,2463.14,1464.22,9.0,3927.3599999999997,Credit Card,0
83361,ORD-2025-053272,1,2025-07-14,2025,Q3,7,July,East,India,West Bengal,Kolkata,Stationery Report 4,Office Supplies,Stationery,2463.14,4755.63,Lori Madden,Corporate,2.8,4581,,,Online,1,4734.7,446.03,2463.14,1825.53,10.05,4288.67,Credit Card,0
83960,ORD-2023-053646,1,2023-08-28,2023,Q3,8,August,South,India,Tamil Nadu,Chennai,Stationery Report 4,Office Supplies,Stationery,2463.14,4755.63,Alexis Tucker,Consumer,3.3,1691,,,Online,2,9662.78,701.09,4926.28,4035.41,12.96,8961.69,COD,0
84022,ORD-2025-053689,1,2025-12-28,2025,Q4,12,December,Central,India,Madhya Pradesh,Bhopal,Stationery Report 4,Office Supplies,Stationery,2463.14,4755.63,Nicole Wallace DDS,Consumer,3.3,5174,Alexis Watson,77.0,Retail Store,1,4840.91,326.71,2463.14,2051.06,27.75,4514.2,UPI,0
85220,ORD-2024-054477,1,2024-09-23,2024,Q3,9,September,West,India,Maharashtra,Pune,Stationery Report 4,Office Supplies,Stationery,2463.14,4755.63,Joshua Washington,Consumer,3.3,796,Rachel Castillo,94.0,Retail Store,3,14422.53,3067.7,7389.42,3965.41,9.66,11354.830000000002,Net Banking,0
85531,ORD-2025-054684,1,2025-03-26,2025,Q1,3,March,North,India,Punjab,Chandigarh,Stationery Report 4,Office Supplies,Stationery,2463.14,4755.63,Mary Ryan,Corporate,3.3,1330,Alice May,79.0,Distributor,1,4709.07,580.35,2463.14,1665.58,24.37,4128.719999999999,COD,0
85639,ORD-2023-054751,1,2023-07-11,2023,Q3,7,July,East,India,Assam,Guwahati,Stationery Report 4,Office Supplies,Stationery,2463.14,4755.63,Dalton Davis,Corporate,3.6,3456,,,Online,3,14413.96,1615.82,7389.42,5408.72,31.75,12798.14,UPI,0
85865,ORD-2022-054900,3,2022-09-19,2022,Q3,9,September,Central,India,Uttar Pradesh,Kanpur,Stationery Report 4,Office Supplies,Stationery,2463.14,4755.63,Breanna Flores,Corporate,3.1,6857,Jacqueline Ford,119.0,Online,1,4848.51,306.28,2463.14,2079.09,26.31,4542.2300000000005,Credit Card,0
86025,ORD-2022-055005,1,2022-11-30,2022,Q4,11,November,South,India,Kerala,Kochi,Stationery Report 4,Office Supplies,Stationery,2463.14,4755.63,Erica Wright,Consumer,3.5,6384,,,Online,3,14304.39,1332.43,7389.42,5582.54,30.52,12971.96,UPI,0
87007,ORD-2024-055663,2,2024-07-04,2024,Q3,7,July,South,India,Karnataka,Bengaluru,Stationery Report 4,Office Supplies,Stationery,2463.14,4755.63,Dawn Parker,Corporate,4.0,1183,Henry Parker,49.0,Retail Store,2,9502.06,448.34,4926.28,4127.44,9.37,9053.72,Net Banking,0
87083,ORD-2022-055716,1,2022-11-30,2022,Q4,11,November,North,India,Haryana,Gurugram,Stationery Report 4,Office Supplies,Stationery,2463.14,4755.63,Patrick Pineda,Consumer,3.5,2522,,,Online,2,9667.11,918.09,4926.28,3822.74,27.04,8749.02,Credit Card,0
87265,ORD-2025-055829,2,2025-06-14,2025,Q2,6,June,West,India,Maharashtra,Pune,Stationery Report 4,Office Supplies,Stationery,2463.14,4755.63,Kevin Escobar,Corporate,3.7,1124,Megan Hernandez,31.0,Distributor,1,4789.01,66.63,2463.14,2259.24,9.43,4722.38,Credit Card,0
87413,ORD-2025-055926,1,2025-02-21,2025,Q1,2,February,East,India,West Bengal,Kolkata,Stationery Report 4,Office Supplies,Stationery,2463.14,4755.63,Haley May,Consumer,4.1,1618,,,Online,1,4728.63,606.28,2463.14,1659.21,11.05,4122.35,Net Banking,0
87954,ORD-2024-056287,1,2024-04-27,2024,Q2,4,April,North,India,Delhi,New Delhi,Stationery Report 4,Office Supplies,Stationery,2463.14,4755.63,Jordan Lynch,Consumer,3.1,7723,,,Online,1,4703.0,297.56,2463.14,1942.3,12.08,4405.44,Credit Card,0
88043,ORD-2023-056338,1,2023-05-18,2023,Q2,5,May,North,India,Delhi,New Delhi,Stationery Report 4,Office Supplies,Stationery,2463.14,4755.63,Lisa Kaiser,Consumer,3.7,5660,,,Marketplace,1,4816.57,658.69,2463.14,1694.74,8.16,4157.879999999999,COD,0
88279,ORD-2023-056484,2,2023-05-13,2023,Q2,5,May,East,India,Odisha,Bhubaneswar,Stationery Report 4,Office Supplies,Stationery,2463.14,4755.63,Troy Glenn,Consumer,3.7,2361,Jeremiah Fisher,32.0,Retail Store,1,4805.73,0.0,2463.14,2342.59,37.57,4805.73,Credit Card,0
88369,ORD-2022-056549,1,2022-06-26,2022,Q2,6,June,South,India,Tamil Nadu,Chennai,Stationery Report 4,Office Supplies,Stationery,2463.14,4755.63,Joshua Brown,Consumer,3.3,1576,Jesse Yang,89.0,Distributor,5,24035.5,3081.45,12315.7,8638.35,11.35,20954.05,UPI,0
88384,ORD-2025-056558,1,2025-05-27,2025,Q2,5,May,West,India,Maharashtra,Mumbai,Stationery Report 4,Office Supplies,Stationery,2463.14,4755.63,Amy Kennedy,Consumer,3.5,1605,,,Online,1,4818.57,493.33,2463.14,1862.1,8.66,4325.24,UPI,0
88939,ORD-2022-056908,1,2022-10-22,2022,Q4,10,October,West,India,Maharashtra,Mumbai,Stationery Report 4,Office Supplies,Stationery,2463.14,4755.63,Brandy Lopez,Consumer,3.0,7762,,,Marketplace,3,14041.49,1278.14,7389.42,5373.93,9.06,12763.35,Credit Card,1
89050,ORD-2024-056979,2,2024-01-19,2024,Q1,1,January,South,India,Karnataka,Bengaluru,Stationery Report 4,Office Supplies,Stationery,2463.14,4755.63,Sherry Porter,SMB,3.9,3865,Henry Parker,49.0,Retail Store,2,9697.56,858.74,4926.28,3912.54,9.44,8838.82,UPI,0
89177,ORD-2023-057065,2,2023-01-14,2023,Q1,1,January,Central,India,Madhya Pradesh,Bhopal,Stationery Report 4,Office Supplies,Stationery,2463.14,4755.63,Toni Gill,Consumer,4.4,3536,,,Online,3,14170.16,1038.3,7389.42,5742.44,36.65,13131.86,UPI,0
89440,ORD-2024-057239,2,2024-09-09,2024,Q3,9,September,South,India,Tamil Nadu,Chennai,Stationery Report 4,Office Supplies,Stationery,2463.14,4755.63,Barbara Willis,Corporate,2.2,2683,,,Online,8,37763.38,2821.43,19705.12,15236.83,9.19,34941.95,Wire Transfer,0
89475,ORD-2022-057260,1,2022-03-26,2022,Q1,3,March,East,India,Assam,Guwahati,Stationery Report 4,Office Supplies,Stationery,2463.14,4755.63,Joseph Dougherty,Consumer,2.3,6049,Kathleen Odonnell,82.0,Retail Store,5,23991.23,1950.39,12315.7,9725.14,29.36,22040.84,Net Banking,0
89847,ORD-2023-057493,1,2023-10-24,2023,Q4,10,October,West,India,Madhya Pradesh,Indore,Stationery Report 4,Office Supplies,Stationery,2463.14,4755.63,Paul Watkins,Consumer,3.6,7835,April Carter,22.0,Retail Store,2,9562.09,66.75,4926.28,4569.06,30.53,9495.34,Credit Card,0
90117,ORD-2024-057666,3,2024-06-04,2024,Q2,6,June,North,India,Punjab,Chandigarh,Stationery Report 4,Office Supplies,Stationery,2463.14,4755.63,Dr. Isabel Smith PhD,Corporate,2.8,3956,,,Online,5,23861.13,2469.77,12315.7,9075.66,24.16,21391.36,UPI,0
90223,ORD-2024-057734,1,2024-01-31,2024,Q1,1,January,Central,India,Chhattisgarh,Raipur,Stationery Report 4,Office Supplies,Stationery,2463.14,4755.63,Amy Gray,SMB,4.1,6926,,,Online,1,4810.56,511.23,2463.14,1836.19,26.4,4299.33,Net Banking,0
91791,ORD-2024-058757,1,2024-12-09,2024,Q4,12,December,Central,India,Uttar Pradesh,Kanpur,Stationery Report 4,Office Supplies,Stationery,2463.14,4755.63,Victoria Deleon,SMB,2.8,4752,Wendy Horne,115.0,Distributor,1,4780.86,1229.34,2463.14,1088.38,31.08,3551.5199999999995,Credit Card,0
91802,ORD-2023-058765,1,2023-09-15,2023,Q3,9,September,East,India,Bihar,Patna,Stationery Report 4,Office Supplies,Stationery,2463.14,4755.63,Matthew Miller,Consumer,4.2,4807,,,Marketplace,2,9427.75,1715.3,4926.28,2786.17,34.81,7712.45,Wire Transfer,0
92093,ORD-2025-058952,4,2025-09-29,2025,Q3,9,September,South,India,Kerala,Kochi,Stationery Report 4,Office Supplies,Stationery,2463.14,4755.63,Katherine Klein,Consumer,4.3,2082,,,Marketplace,1,4694.83,755.76,2463.14,1475.93,36.97,3939.0699999999997,Credit Card,0
92325,ORD-2025-059093,2,2025-06-04,2025,Q2,6,June,West,India,Maharashtra,Mumbai,Stationery Report 4,Office Supplies,Stationery,2463.14,4755.63,Tammy Estrada,Corporate,4.6,3261,Zachary Doyle,63.0,Online,1,4819.88,386.3,2463.14,1970.44,8.78,4433.58,Credit Card,0
92467,ORD-2025-059186,1,2025-11-23,2025,Q4,11,November,South,India,Tamil Nadu,Chennai,Stationery Report 4,Office Supplies,Stationery,2463.14,4755.63,Ms. Mackenzie Barton,Consumer,3.4,3234,Jesse Yang,89.0,Online,4,19162.55,2302.68,9852.56,7007.31,8.87,16859.87,Net Banking,0
92676,ORD-2025-059334,1,2025-08-26,2025,Q3,8,August,East,India,West Bengal,Kolkata,Stationery Report 4,Office Supplies,Stationery,2463.14,4755.63,Jason Douglas,Consumer,3.2,5764,,,Online,1,4661.42,564.24,2463.14,1634.04,10.94,4097.18,UPI,1
93527,ORD-2022-059894,1,2022-05-30,2022,Q2,5,May,South,India,Tamil Nadu,Chennai,Stationery Report 4,Office Supplies,Stationery,2463.14,4755.63,Kimberly White,SMB,3.4,3491,,,Online,1,4713.43,645.95,2463.14,1604.34,8.25,4067.4800000000005,Credit Card,0
93869,ORD-2025-060119,1,2025-10-04,2025,Q4,10,October,West,India,Maharashtra,Mumbai,Stationery Report 4,Office Supplies,Stationery,2463.14,4755.63,Mary Smith,Consumer,4.0,4860,,,Online,2,9618.43,748.0,4926.28,3944.15,11.22,8870.43,Credit Card,0
93891,ORD-2023-060132,1,2023-06-15,2023,Q2,6,June,East,India,West Bengal,Kolkata,Stationery Report 4,Office Supplies,Stationery,2463.14,4755.63,April Schneider,Consumer,4.1,4889,Diane Smith,92.0,Retail Store,1,4844.8,54.03,2463.14,2327.63,8.17,4790.77,UPI,0
94334,ORD-2023-060413,2,2023-05-29,2023,Q2,5,May,West,India,Maharashtra,Mumbai,Stationery Report 4,Office Supplies,Stationery,2463.14,4755.63,Brandi Camacho DVM,Corporate,3.7,3239,,,Online,2,9336.43,1036.39,4926.28,3373.76,11.98,8300.04,Credit Card,0
94576,ORD-2024-060567,3,2024-07-02,2024,Q3,7,July,West,India,Gujarat,Ahmedabad,Stationery Report 4,Office Supplies,Stationery,2463.14,4755.63,Tammy Taylor,Consumer,3.9,7409,Christopher Wilson,104.0,Retail Store,2,9383.67,455.78,4926.28,4001.61,28.68,8927.89,Net Banking,0
94707,ORD-2024-060658,1,2024-01-12,2024,Q1,1,January,Central,India,Uttarakhand,Dehradun,Stationery Report 4,Office Supplies,Stationery,2463.14,4755.63,Mr. Reginald Roman,Consumer,3.0,4222,Howard Hunter,55.0,Retail Store,1,4818.66,112.46,2463.14,2243.06,35.27,4706.2,Credit Card,0
96018,ORD-2025-061481,1,2025-01-16,2025,Q1,1,January,South,India,Tamil Nadu,Chennai,Stationery Report 4,Office Supplies,Stationery,2463.14,4755.63,Kim Flynn,Consumer,4.1,5881,Dylan Baker,56.0,Retail Store,1,4698.08,281.99,2463.14,1952.95,11.19,4416.09,Credit Card,0
96038,ORD-2024-061494,1,2024-12-12,2024,Q4,12,December,East,India,Bihar,Patna,Stationery Report 4,Office Supplies,Stationery,2463.14,4755.63,Dorothy Osborn,Consumer,4.2,5655,,,Online,5,23824.93,2355.41,12315.7,9153.82,29.32,21469.52,UPI,0
96052,ORD-2025-061502,4,2025-08-02,2025,Q3,8,August,East,India,Odisha,Bhubaneswar,Stationery Report 4,Office Supplies,Stationery,2463.14,4755.63,Jose Collins,Consumer,4.4,5254,Suzanne Lambert,61.0,Retail Store,1,4667.09,255.28,2463.14,1948.67,29.08,4411.81,Credit Card,0
96367,ORD-2023-061695,2,2023-06-01,2023,Q2,6,June,Central,India,Uttarakhand,Dehradun,Stationery Report 4,Office Supplies,Stationery,2463.14,4755.63,Richard Reyes,Corporate,3.6,1375,,,Online,1,4783.44,639.37,2463.14,1680.93,26.85,4144.07,UPI,0
96492,ORD-2023-061774,1,2023-04-17,2023,Q2,4,April,South,India,Telangana,Hyderabad,Stationery Report 4,Office Supplies,Stationery,2463.14,4755.63,Theresa Smith,Consumer,4.8,4481,,,Online,2,9399.05,815.76,4926.28,3657.01,11.67,8583.289999999999,Credit Card,0
97121,ORD-2022-062169,1,2022-04-12,2022,Q2,4,April,West,India,Gujarat,Ahmedabad,Stationery Report 4,Office Supplies,Stationery,2463.14,4755.63,Destiny Powers,SMB,2.9,3510,Christopher Wilson,104.0,Distributor,2,9529.81,533.51,4926.28,4070.02,25.01,8996.3,COD,0
97130,ORD-2023-062176,1,2023-01-18,2023,Q1,1,January,South,India,Tamil Nadu,Chennai,Stationery Report 4,Office Supplies,Stationery,2463.14,4755.63,Nancy Webb,Consumer,4.5,1133,,,Online,2,9370.62,1095.26,4926.28,3349.08,8.25,8275.36,Credit Card,0
97228,ORD-2023-062241,1,2023-08-01,2023,Q3,8,August,West,India,Maharashtra,Pune,Stationery Report 4,Office Supplies,Stationery,2463.14,4755.63,Amy Knight,Consumer,3.5,5596,Megan Hernandez,31.0,Retail Store,1,4744.33,141.62,2463.14,2139.57,9.43,4602.71,Credit Card,0
97915,ORD-2025-062685,1,2025-11-09,2025,Q4,11,November,South,India,Tamil Nadu,Chennai,Stationery Report 4,Office Supplies,Stationery,2463.14,4755.63,Joshua White,SMB,4.7,4980,Dylan Baker,56.0,Distributor,3,14221.8,1334.59,7389.42,5497.79,10.72,12887.21,UPI,0
98181,ORD-2024-062856,1,2024-12-10,2024,Q4,12,December,Central,India,Himachal Pradesh,Shimla,Stationery Report 4,Office Supplies,Stationery,2463.14,4755.63,Michael Bolton,SMB,2.6,5072,Rachel Soto,14.0,Distributor,3,14532.81,708.3,7389.42,6435.09,30.04,13824.51,Wire Transfer,0
98376,ORD-2023-062987,1,2023-10-28,2023,Q4,10,October,South,India,Telangana,Hyderabad,Stationery Report 4,Office Supplies,Stationery,2463.14,4755.63,Paul Payne,Corporate,4.6,15,,,Online,1,4793.02,652.49,2463.14,1677.39,10.39,4140.530000000001,UPI,0
99158,ORD-2025-063514,1,2025-07-05,2025,Q3,7,July,North,India,Punjab,Chandigarh,Stationery Report 4,Office Supplies,Stationery,2463.14,4755.63,Carl Leach,Consumer,3.8,2050,James Rivas,13.0,Retail Store,3,14405.27,999.74,7389.42,6016.11,30.84,13405.53,UPI,0
99550,ORD-2023-063749,1,2023-06-30,2023,Q2,6,June,East,India,Jharkhand,Ranchi,Stationery Report 4,Office Supplies,Stationery,2463.14,4755.63,Shelly Henderson,Consumer,4.3,7993,Nathan Miles,80.0,Marketplace,2,9411.17,1011.75,4926.28,3473.14,36.94,8399.42,UPI,0
99994,ORD-2023-064031,1,2023-12-01,2023,Q4,12,December,East,India,Assam,Guwahati,Stationery Report 4,Office Supplies,Stationery,2463.14,4755.63,Rebecca Kaufman DDS,SMB,3.1,3554,,,Online,3,14465.14,2188.14,7389.42,4887.58,34.25,12277.0,UPI,0
100618,ORD-2023-064439,1,2023-11-07,2023,Q4,11,November,South,India,Karnataka,Bengaluru,Stationery Report 4,Office Supplies,Stationery,2463.14,4755.63,David Hall,Consumer,3.1,7168,,,Online,2,9345.83,1082.44,4926.28,3337.11,8.85,8263.39,Credit Card,0
100705,ORD-2023-064498,1,2023-11-28,2023,Q4,11,November,West,India,Maharashtra,Mumbai,Stationery Report 4,Office Supplies,Stationery,2463.14,4755.63,Bryan Yates,Corporate,4.2,6225,Vanessa Boone,120.0,Online,1,4715.84,1035.65,2463.14,1217.05,11.4,3680.19,Credit Card,0
100968,ORD-2022-064669,2,2022-10-22,2022,Q4,10,October,North,India,Delhi,New Delhi,Stationery Report 4,Office Supplies,Stationery,2463.14,4755.63,Crystal Beltran,Corporate,4.4,7098,Alison Miller,19.0,Distributor,3,14049.97,1633.58,7389.42,5026.97,11.3,12416.39,Wire Transfer,0
101209,ORD-2023-064819,1,2023-02-09,2023,Q1,2,February,South,India,Andhra Pradesh,Visakhapatnam,Stationery Report 4,Office Supplies,Stationery,2463.14,4755.63,David Hughes,Corporate,5.0,1088,,,Online,1,4690.09,474.1,2463.14,1752.85,26.93,4215.99,COD,0
101416,ORD-2024-064940,1,2024-05-13,2024,Q2,5,May,South,India,Kerala,Kochi,Stationery Report 4,Office Supplies,Stationery,2463.14,4755.63,Michael Roberts,Consumer,2.6,667,Jason Riggs,60.0,Distributor,3,14349.08,1718.85,7389.42,5240.81,30.42,12630.23,UPI,0
101625,ORD-2025-065071,2,2025-09-27,2025,Q3,9,September,West,India,Maharashtra,Pune,Stationery Report 4,Office Supplies,Stationery,2463.14,4755.63,Kelly Weiss,Consumer,4.6,4187,Terri Davis,112.0,Retail Store,1,4727.33,497.37,2463.14,1766.82,8.11,4229.96,Credit Card,0
102092,ORD-2024-065369,1,2024-07-02,2024,Q3,7,July,West,India,Maharashtra,Pune,Stationery Report 4,Office Supplies,Stationery,2463.14,4755.63,Jeffery Long,Consumer,4.4,3632,Terri Davis,112.0,Retail Store,1,4846.52,475.79,2463.14,1907.59,12.19,4370.7300000000005,UPI,0
102161,ORD-2024-065413,1,2024-11-18,2024,Q4,11,November,North,India,Delhi,New Delhi,Stationery Report 4,Office Supplies,Stationery,2463.14,4755.63,Richard Burke,Consumer,4.1,5804,Alison Miller,19.0,Retail Store,1,4766.34,484.07,2463.14,1819.13,11.45,4282.27,Credit Card,0
102463,ORD-2025-065606,1,2025-04-11,2025,Q2,4,April,North,India,Uttar Pradesh,Lucknow,Stationery Report 4,Office Supplies,Stationery,2463.14,4755.63,Dr. Rhonda Martinez,Consumer,4.6,867,Jenny Sanchez,58.0,Distributor,4,19276.41,406.76,9852.56,9017.09,32.73,18869.65,Credit Card,0
102546,ORD-2025-065658,4,2025-04-18,2025,Q2,4,April,South,India,Karnataka,Bengaluru,Stationery Report 4,Office Supplies,Stationery,2463.14,4755.63,Judith Myers,SMB,5.0,4140,,,Online,3,14338.77,1823.72,7389.42,5125.63,10.87,12515.050000000001,Net Banking,0
102980,ORD-2022-065929,1,2022-02-06,2022,Q1,2,February,West,India,Maharashtra,Pune,Stationery Report 4,Office Supplies,Stationery,2463.14,4755.63,Samuel Rocha,Corporate,4.7,6361,Robin Baker,40.0,Retail Store,1,4794.95,117.63,2463.14,2214.18,8.75,4677.32,Net Banking,0
103139,ORD-2023-066038,3,2023-04-11,2023,Q2,4,April,East,India,Odisha,Bhubaneswar,Stationery Report 4,Office Supplies,Stationery,2463.14,4755.63,Julie Wallace,SMB,3.6,5922,,,Online,2,9680.86,2229.59,4926.28,2524.99,36.38,7451.27,UPI,0
103250,ORD-2024-066108,1,2024-02-16,2024,Q1,2,February,West,India,Gujarat,Ahmedabad,Stationery Report 4,Office Supplies,Stationery,2463.14,4755.63,Christopher Roy,Consumer,3.1,6466,,,Online,1,4786.9,383.94,2463.14,1939.82,25.2,4402.96,Credit Card,0
103621,ORD-2024-066347,2,2024-10-24,2024,Q4,10,October,West,India,Goa,Panaji,Stationery Report 4,Office Supplies,Stationery,2463.14,4755.63,Pamela Burke,Corporate,3.7,2517,Cindy Garza,88.0,Distributor,2,9486.85,1036.77,4926.28,3523.8,34.91,8450.08,UPI,0
103823,ORD-2024-066479,1,2024-11-06,2024,Q4,11,November,Central,India,Uttarakhand,Dehradun,Stationery Report 4,Office Supplies,Stationery,2463.14,4755.63,Jason Nixon,Corporate,4.0,622,,,Online,2,9574.31,1160.16,4926.28,3487.87,36.49,8414.15,Net Banking,0
104338,ORD-2023-066810,1,2023-03-01,2023,Q1,3,March,South,India,Tamil Nadu,Chennai,Stationery Report 4,Office Supplies,Stationery,2463.14,4755.63,John Stewart,Consumer,3.9,5666,,,Online,3,14547.07,2114.09,7389.42,5043.56,12.39,12432.98,Credit Card,0
104521,ORD-2023-066918,1,2023-10-24,2023,Q4,10,October,West,India,Maharashtra,Pune,Stationery Report 4,Office Supplies,Stationery,2463.14,4755.63,Stephen Taylor,SMB,3.9,7152,,,Marketplace,1,4824.05,825.19,2463.14,1535.72,8.22,3998.86,COD,0
104580,ORD-2023-066955,2,2023-07-20,2023,Q3,7,July,East,India,Jharkhand,Ranchi,Stationery Report 4,Office Supplies,Stationery,2463.14,4755.63,Douglas Ryan,Consumer,4.3,666,Nathan Miles,80.0,Distributor,2,9442.55,1321.64,4926.28,3194.63,24.49,8120.909999999999,Credit Card,0
104630,ORD-2024-066989,3,2024-08-08,2024,Q3,8,August,West,India,Goa,Panaji,Stationery Report 4,Office Supplies,Stationery,2463.14,4755.63,Robert Durham,SMB,3.4,4877,,,Online,1,4703.54,1041.81,2463.14,1198.59,31.97,3661.73,Wire Transfer,0
104793,ORD-2022-067090,1,2022-10-08,2022,Q4,10,October,South,India,Tamil Nadu,Chennai,Stationery Report 4,Office Supplies,Stationery,2463.14,4755.63,Lauren Kim,Consumer,3.6,6046,,,Online,2,9619.44,1203.67,4926.28,3489.49,9.74,8415.77,UPI,0
105076,ORD-2023-067268,3,2023-07-25,2023,Q3,7,July,Central,India,Chhattisgarh,Raipur,Stationery Report 4,Office Supplies,Stationery,2463.14,4755.63,Donna Montes,Consumer,3.9,3292,Carl Lopez,91.0,Retail Store,1,4790.16,213.27,2463.14,2113.75,32.55,4576.889999999999,Credit Card,0
105082,ORD-2025-067273,2,2025-12-29,2025,Q4,12,December,West,India,Maharashtra,Pune,Stationery Report 4,Office Supplies,Stationery,2463.14,4755.63,Lauren Coleman,Consumer,4.3,6383,Lisa Henderson,84.0,Online,1,4735.41,488.41,2463.14,1783.86,8.96,4247.0,Credit Card,0
105461,ORD-2022-067507,1,2022-11-05,2022,Q4,11,November,North,India,Delhi,New Delhi,Stationery Report 4,Office Supplies,Stationery,2463.14,4755.63,Valerie Harrison,Consumer,4.2,5639,,,Marketplace,1,4690.09,1026.85,2463.14,1200.1,12.4,3663.2400000000002,COD,1
105657,ORD-2023-067637,1,2023-12-11,2023,Q4,12,December,East,India,West Bengal,Kolkata,Stationery Report 4,Office Supplies,Stationery,2463.14,4755.63,Michael Henry,Consumer,2.9,1891,,,Online,1,4806.87,1278.19,2463.14,1065.54,12.38,3528.68,UPI,0
106188,ORD-2025-067964,1,2025-01-01,2025,Q1,1,January,West,India,Maharashtra,Pune,Stationery Report 4,Office Supplies,Stationery,2463.14,4755.63,Dennis Mills,Corporate,2.6,968,Terri Davis,112.0,Retail Store,4,19282.86,388.27,9852.56,9042.03,12.9,18894.59,UPI,0
106484,ORD-2023-068151,3,2023-12-30,2023,Q4,12,December,South,India,Karnataka,Bengaluru,Stationery Report 4,Office Supplies,Stationery,2463.14,4755.63,Bailey Duran DDS,Corporate,3.1,73,Dean Evans,90.0,Online,1,4718.45,296.88,2463.14,1958.43,9.53,4421.57,Wire Transfer,0
106504,ORD-2022-068162,2,2022-07-24,2022,Q3,7,July,East,India,Assam,Guwahati,Stationery Report 4,Office Supplies,Stationery,2463.14,4755.63,Jessica Bowen,Consumer,2.4,702,Janet Mcclure,76.0,Retail Store,4,18775.06,1334.75,9852.56,7587.75,36.21,17440.31,UPI,0
106536,ORD-2023-068182,1,2023-12-19,2023,Q4,12,December,East,India,Odisha,Bhubaneswar,Stationery Report 4,Office Supplies,Stationery,2463.14,4755.63,Nicholas Fitzgerald,Consumer,4.5,1726,,,Online,1,4761.62,1128.13,2463.14,1170.35,25.42,3633.49,Credit Card,0
106540,ORD-2025-068185,2,2025-05-23,2025,Q2,5,May,Central,India,Uttar Pradesh,Kanpur,Stationery Report 4,Office Supplies,Stationery,2463.14,4755.63,Mark Knight,Consumer,5.0,4136,,,Online,2,9354.21,876.24,4926.28,3551.69,27.49,8477.97,UPI,0
106586,ORD-2024-068210,2,2024-10-12,2024,Q4,10,October,West,India,Maharashtra,Pune,Stationery Report 4,Office Supplies,Stationery,2463.14,4755.63,Jennifer Smith,Corporate,3.1,4056,Shelly Jackson,93.0,Retail Store,2,9453.29,750.13,4926.28,3776.88,9.5,8703.160000000002,Credit Card,0
106630,ORD-2024-068237,2,2024-06-11,2024,Q2,6,June,North,India,Haryana,Gurugram,Stationery Report 4,Office Supplies,Stationery,2463.14,4755.63,Darren Thompson,SMB,3.7,7208,Michael Hendrix,117.0,Online,4,19090.65,1710.02,9852.56,7528.07,28.76,17380.63,Net Banking,0
106731,ORD-2024-068303,2,2024-11-21,2024,Q4,11,November,West,India,Maharashtra,Mumbai,Stationery Report 4,Office Supplies,Stationery,2463.14,4755.63,Lisa Barnes,Corporate,3.3,2284,Tammy Nguyen,2.0,Retail Store,2,9551.09,564.7,4926.28,4060.11,10.96,8986.39,Credit Card,0
107044,ORD-2022-068516,1,2022-07-16,2022,Q3,7,July,North,India,Punjab,Chandigarh,Stationery Report 4,Office Supplies,Stationery,2463.14,4755.63,Raymond Le,Consumer,3.3,431,,,Online,1,4785.11,519.65,2463.14,1802.32,31.86,4265.46,Credit Card,0
107065,ORD-2022-068530,1,2022-12-25,2022,Q4,12,December,East,India,Jharkhand,Ranchi,Stationery Report 4,Office Supplies,Stationery,2463.14,4755.63,Kevin Barber,Corporate,4.3,4834,Nathan Miles,80.0,Retail Store,5,23466.26,1847.28,12315.7,9303.28,27.14,21618.98,Net Banking,0
107648,ORD-2022-068923,1,2022-05-25,2022,Q2,5,May,East,India,Jharkhand,Ranchi,Stationery Report 4,Office Supplies,Stationery,2463.14,4755.63,Kimberly Turner,Consumer,4.3,6470,,,Marketplace,1,4845.19,735.87,2463.14,1646.18,32.53,4109.32,UPI,0
108059,ORD-2022-069188,1,2022-03-30,2022,Q1,3,March,North,India,Uttar Pradesh,Lucknow,Stationery Report 4,Office Supplies,Stationery,2463.14,4755.63,Tracey Brooks,Corporate,3.9,5463,,,Online,6,27966.19,2139.08,14778.84,11048.27,25.2,25827.11,UPI,0
108075,ORD-2023-069198,1,2023-08-22,2023,Q3,8,August,North,India,Delhi,New Delhi,Stationery Report 4,Office Supplies,Stationery,2463.14,4755.63,Gregory Johnson,Consumer,4.1,6419,,,Online,1,4707.66,556.41,2463.14,1688.11,11.18,4151.25,Credit Card,0
108286,ORD-2025-069332,1,2025-05-04,2025,Q2,5,May,East,India,Assam,Guwahati,Stationery Report 4,Office Supplies,Stationery,2463.14,4755.63,John Adams,Consumer,4.3,5460,Lisa Henderson,84.0,Retail Store,4,18706.46,1158.43,9852.56,7695.47,38.75,17548.03,UPI,1
109070,ORD-2023-069829,3,2023-06-17,2023,Q2,6,June,South,India,Telangana,Hyderabad,Stationery Report 4,Office Supplies,Stationery,2463.14,4755.63,Karen Perez,Consumer,3.3,5250,,,Online,5,24054.56,3047.19,12315.7,8691.67,8.59,21007.370000000003,Net Banking,0
109414,ORD-2025-070052,2,2025-12-08,2025,Q4,12,December,West,India,Maharashtra,Pune,Stationery Report 4,Office Supplies,Stationery,2463.14,4755.63,Belinda Fisher,Corporate,3.8,4547,Shelly Jackson,93.0,Online,1,4776.81,559.53,2463.14,1754.14,11.19,4217.280000000001,COD,0
109480,ORD-2025-070099,2,2025-07-26,2025,Q3,7,July,South,India,Andhra Pradesh,Visakhapatnam,Stationery Report 4,Office Supplies,Stationery,2463.14,4755.63,Bradley Cameron,Consumer,3.3,6913,,,Online,1,4741.23,449.18,2463.14,1828.91,30.21,4292.049999999999,UPI,0
111383,ORD-2025-071318,1,2025-06-14,2025,Q2,6,June,South,India,Andhra Pradesh,Visakhapatnam,Stationery Report 4,Office Supplies,Stationery,2463.14,4755.63,Meagan Patterson,Consumer,4.3,5785,,,Online,1,4715.78,530.64,2463.14,1722.0,31.01,4185.139999999999,Wire Transfer,0
111623,ORD-2024-071466,1,2024-12-20,2024,Q4,12,December,South,India,Kerala,Kochi,Stationery Report 4,Office Supplies,Stationery,2463.14,4755.63,Erin Watkins,Consumer,3.6,1768,,,Online,5,23607.42,3292.24,12315.7,7999.48,27.25,20315.18,Credit Card,0
112345,ORD-2022-071908,3,2022-11-19,2022,Q4,11,November,Central,India,Uttar Pradesh,Kanpur,Stationery Report 4,Office Supplies,Stationery,2463.14,4755.63,Richard Bass,Consumer,4.0,4564,,,Online,1,4661.91,401.03,2463.14,1797.74,32.04,4260.88,UPI,0
112643,ORD-2022-072106,1,2022-02-23,2022,Q1,2,February,West,India,Goa,Panaji,Stationery Report 4,Office Supplies,Stationery,2463.14,4755.63,Carla James,SMB,3.8,3184,Cindy Garza,88.0,Distributor,2,9569.41,1032.17,4926.28,3610.96,27.41,8537.24,COD,0
112905,ORD-2022-072276,1,2022-05-21,2022,Q2,5,May,East,India,West Bengal,Kolkata,Stationery Report 4,Office Supplies,Stationery,2463.14,4755.63,Erica Moon,Corporate,4.7,1074,Diane Smith,92.0,Retail Store,1,4743.85,387.05,2463.14,1893.66,8.83,4356.8,Net Banking,0
113090,ORD-2022-072391,1,2022-11-29,2022,Q4,11,November,South,India,Kerala,Kochi,Stationery Report 4,Office Supplies,Stationery,2463.14,4755.63,Lisa Reed,Corporate,2.6,3952,Douglas Fuller,28.0,Distributor,1,4801.61,131.35,2463.14,2207.12,28.97,4670.259999999999,COD,1
113446,ORD-2022-072617,1,2022-06-12,2022,Q2,6,June,North,India,Delhi,New Delhi,Stationery Report 4,Office Supplies,Stationery,2463.14,4755.63,Daniel Molina,Consumer,3.2,7008,Alison Miller,19.0,Retail Store,1,4706.44,634.53,2463.14,1608.77,11.07,4071.91,Credit Card,0
113788,ORD-2024-072835,1,2024-08-15,2024,Q3,8,August,Central,India,Madhya Pradesh,Bhopal,Stationery Report 4,Office Supplies,Stationery,2463.14,4755.63,Nicole Wallace DDS,Consumer,3.3,5174,,,Online,6,28495.05,2613.18,14778.84,11103.03,35.67,25881.87,Credit Card,0
113789,ORD-2024-072835,2,2024-08-15,2024,Q3,8,August,Central,India,Madhya Pradesh,Bhopal,Stationery Report 4,Office Supplies,Stationery,2463.14,4755.63,Nicole Wallace DDS,Consumer,3.3,5174,,,Online,2,9585.37,689.55,4926.28,3969.54,35.78,8895.820000000002,Net Banking,0
114496,ORD-2022-073304,1,2022-03-09,2022,Q1,3,March,Central,India,Uttar Pradesh,Kanpur,Stationery Report 4,Office Supplies,Stationery,2463.14,4755.63,Robert Frank,Consumer,3.9,7563,,,Online,1,4694.66,420.97,2463.14,1810.55,28.48,4273.69,COD,0
114678,ORD-2022-073431,1,2022-03-16,2022,Q1,3,March,North,India,Punjab,Chandigarh,Stationery Report 4,Office Supplies,Stationery,2463.14,4755.63,Patricia Schwartz,Corporate,5.0,1694,Alison Delacruz,48.0,Retail Store,3,14074.9,891.23,7389.42,5794.25,37.62,13183.67,Credit Card,0
114793,ORD-2022-073499,1,2022-04-04,2022,Q2,4,April,West,India,Maharashtra,Pune,Stationery Report 4,Office Supplies,Stationery,2463.14,4755.63,Mrs. Michele Boyd,Corporate,3.7,1138,,,Online,1,4713.62,301.86,2463.14,1948.62,8.71,4411.76,Net Banking,0
115202,ORD-2023-073764,1,2023-09-25,2023,Q3,9,September,East,India,West Bengal,Kolkata,Stationery Report 4,Office Supplies,Stationery,2463.14,4755.63,Joseph Rice,Consumer,4.1,5091,Diane Smith,92.0,Retail Store,2,9633.01,310.21,4926.28,4396.52,11.74,9322.800000000001,UPI,0
115212,ORD-2024-073769,4,2024-12-12,2024,Q4,12,December,West,India,Gujarat,Ahmedabad,Stationery Report 4,Office Supplies,Stationery,2463.14,4755.63,Jessica Garrett,Corporate,2.2,2071,,,Online,5,23936.6,3450.18,12315.7,8170.72,38.15,20486.42,Credit Card,0
115402,ORD-2023-073896,1,2023-10-20,2023,Q4,10,October,North,India,Haryana,Gurugram,Stationery Report 4,Office Supplies,Stationery,2463.14,4755.63,Paul Wilson,Corporate,4.2,235,,,Online,1,4815.6,644.69,2463.14,1707.77,38.44,4170.91,UPI,0
115660,ORD-2023-074058,1,2023-03-22,2023,Q1,3,March,South,India,Tamil Nadu,Chennai,Stationery Report 4,Office Supplies,Stationery,2463.14,4755.63,Luis Lopez V,Consumer,4.0,6584,,,Online,2,9657.74,1220.31,4926.28,3511.15,11.29,8437.43,UPI,0
117086,ORD-2023-074992,1,2023-01-05,2023,Q1,1,January,West,India,Maharashtra,Pune,Stationery Report 4,Office Supplies,Stationery,2463.14,4755.63,Mariah Jones,Consumer,3.8,2223,Terri Davis,112.0,Online,1,4815.43,455.54,2463.14,1896.75,11.18,4359.89,UPI,0
117121,ORD-2025-075011,1,2025-11-02,2025,Q4,11,November,West,India,Maharashtra,Pune,Stationery Report 4,Office Supplies,Stationery,2463.14,4755.63,Christopher Moore,Corporate,3.5,629,,,Online,2,9574.91,1255.32,4926.28,3393.31,10.17,8319.59,Net Banking,0
117151,ORD-2025-075031,1,2025-04-04,2025,Q2,4,April,North,India,Uttar Pradesh,Lucknow,Stationery Report 4,Office Supplies,Stationery,2463.14,4755.63,Andrew Chavez,Consumer,3.8,4506,,,Online,2,9552.4,793.8,4926.28,3832.32,30.17,8758.6,UPI,0
117397,ORD-2022-075188,2,2022-08-28,2022,Q3,8,August,North,India,Haryana,Gurugram,Stationery Report 4,Office Supplies,Stationery,2463.14,4755.63,Pamela Morgan,Corporate,3.9,1910,Michael Hendrix,117.0,Distributor,1,4726.97,389.04,2463.14,1874.79,32.64,4337.93,Credit Card,0
117475,ORD-2025-075242,1,2025-08-29,2025,Q3,8,August,North,India,Rajasthan,Jaipur,Stationery Report 4,Office Supplies,Stationery,2463.14,4755.63,Randall Nguyen,Consumer,4.2,2380,,,Online,1,4717.42,421.94,2463.14,1832.34,25.98,4295.4800000000005,UPI,0
117541,ORD-2025-075282,1,2025-10-04,2025,Q4,10,October,Central,India,Chhattisgarh,Raipur,Stationery Report 4,Office Supplies,Stationery,2463.14,4755.63,Clifford Poole,Consumer,4.0,5761,,,Marketplace,6,28049.69,4054.27,14778.84,9216.58,37.71,23995.42,Credit Card,0
117551,ORD-2023-075289,2,2023-12-21,2023,Q4,12,December,East,India,Bihar,Patna,Stationery Report 4,Office Supplies,Stationery,2463.14,4755.63,Christine Mullins,Consumer,3.7,7514,,,Online,2,9612.58,1335.64,4926.28,3350.66,25.9,8276.94,UPI,0
117610,ORD-2023-075322,1,2023-05-09,2023,Q2,5,May,North,India,Delhi,New Delhi,Stationery Report 4,Office Supplies,Stationery,2463.14,4755.63,Ryan Vaughn,Corporate,4.6,1045,,,Online,2,9358.71,1135.02,4926.28,3297.41,11.75,8223.689999999999,UPI,0
117927,ORD-2025-075528,1,2025-01-23,2025,Q1,1,January,East,India,Bihar,Patna,Stationery Report 4,Office Supplies,Stationery,2463.14,4755.63,Teresa Smith,Corporate,3.7,5916,,,Online,2,9514.27,984.24,4926.28,3603.75,29.19,8530.03,UPI,1
117946,ORD-2024-075540,2,2024-04-03,2024,Q2,4,April,Central,India,Chhattisgarh,Raipur,Stationery Report 4,Office Supplies,Stationery,2463.14,4755.63,Nathan Malone,Corporate,3.7,133,Carl Lopez,91.0,Marketplace,1,4803.21,739.53,2463.14,1600.54,37.06,4063.6800000000003,Wire Transfer,0
117979,ORD-2023-075558,1,2023-06-23,2023,Q2,6,June,South,India,Telangana,Hyderabad,Stationery Report 4,Office Supplies,Stationery,2463.14,4755.63,Shannon Malone,Consumer,4.8,558,Jared Spence,78.0,Retail Store,1,4667.94,122.32,2463.14,2082.48,10.53,4545.62,UPI,0
118165,ORD-2024-075672,1,2024-11-05,2024,Q4,11,November,East,India,Assam,Guwahati,Stationery Report 4,Office Supplies,Stationery,2463.14,4755.63,Matthew Davis,Corporate,4.1,1735,Erin Aguirre,109.0,Online,1,4692.95,315.88,2463.14,1913.93,29.15,4377.07,COD,0
118283,ORD-2025-075745,2,2025-10-08,2025,Q4,10,October,South,India,Kerala,Kochi,Stationery Report 4,Office Supplies,Stationery,2463.14,4755.63,Kayla Burke,Corporate,3.2,4801,,,Online,3,14166.81,2099.57,7389.42,4677.82,38.98,12067.24,Credit Card,0
118579,ORD-2023-075930,1,2023-12-10,2023,Q4,12,December,West,India,Maharashtra,Pune,Stationery Report 4,Office Supplies,Stationery,2463.14,4755.63,Matthew Valencia,Corporate,3.8,6094,Shelly Jackson,93.0,Retail Store,7,33842.89,1843.14,17241.98,14757.77,8.55,31999.75,UPI,0
118635,ORD-2022-075966,2,2022-03-21,2022,Q1,3,March,South,India,Karnataka,Bengaluru,Stationery Report 4,Office Supplies,Stationery,2463.14,4755.63,Kerry Chavez DDS,Consumer,3.4,206,Nicole Baker,6.0,Distributor,3,14296.89,891.32,7389.42,6016.15,8.21,13405.57,Credit Card,0
119684,ORD-2025-076634,1,2025-08-12,2025,Q3,8,August,North,India,Delhi,New Delhi,Stationery Report 4,Office Supplies,Stationery,2463.14,4755.63,Ashley Stokes,Consumer,4.4,7919,Alison Miller,19.0,Retail Store,4,18947.29,2884.91,9852.56,6209.82,11.36,16062.380000000001,Credit Card,0
120549,ORD-2024-077188,1,2024-02-29,2024,Q1,2,February,Central,India,Madhya Pradesh,Bhopal,Stationery Report 4,Office Supplies,Stationery,2463.14,4755.63,Penny Gomez MD,SMB,3.1,1200,Maria Harrington,3.0,Retail Store,2,9422.21,664.64,4926.28,3831.29,30.9,8757.57,UPI,0
120746,ORD-2023-077309,1,2023-09-18,2023,Q3,9,September,West,India,Maharashtra,Pune,Stationery Report 4,Office Supplies,Stationery,2463.14,4755.63,Shawn Doyle,Consumer,3.9,3916,Michael Gibbs,4.0,Online,4,19391.58,2666.1,9852.56,6872.92,9.37,16725.480000000003,Credit Card,0
121069,ORD-2022-077514,1,2022-11-08,2022,Q4,11,November,East,India,West Bengal,Kolkata,Stationery Report 4,Office Supplies,Stationery,2463.14,4755.63,James Weber,Consumer,4.8,4588,Noah Briggs,64.0,Retail Store,2,9364.5,0.0,4926.28,4438.22,11.73,9364.5,UPI,0
122295,ORD-2024-078299,2,2024-08-27,2024,Q3,8,August,East,India,Jharkhand,Ranchi,Stationery Report 4,Office Supplies,Stationery,2463.14,4755.63,Cody Hoover,Corporate,3.6,4716,,,Marketplace,5,23743.99,2961.36,12315.7,8466.93,30.88,20782.63,UPI,0
122861,ORD-2023-078647,1,2023-05-17,2023,Q2,5,May,South,India,Tamil Nadu,Chennai,Stationery Report 4,Office Supplies,Stationery,2463.14,4755.63,Nicole Smith,Consumer,3.4,7954,,,Online,1,4821.23,558.04,2463.14,1800.05,8.75,4263.19,Net Banking,0
123231,ORD-2024-078885,1,2024-08-31,2024,Q3,8,August,West,India,Madhya Pradesh,Indore,Stationery Report 4,Office Supplies,Stationery,2463.14,4755.63,Robin Rodriguez,SMB,3.9,7153,,,Online,3,14213.74,770.03,7389.42,6054.29,33.72,13443.71,UPI,0
123634,ORD-2024-079132,1,2024-03-03,2024,Q1,3,March,Central,India,Uttarakhand,Dehradun,Stationery Report 4,Office Supplies,Stationery,2463.14,4755.63,Michael Jackson,SMB,5.0,6161,Janet Mcclure,76.0,Distributor,1,4710.49,397.16,2463.14,1850.19,31.38,4313.33,Credit Card,0
123708,ORD-2023-079180,3,2023-09-14,2023,Q3,9,September,West,India,Maharashtra,Pune,Stationery Report 4,Office Supplies,Stationery,2463.14,4755.63,Deanna Barrera,SMB,4.0,2479,,,Online,1,4712.68,251.12,2463.14,1998.42,12.21,4461.56,Wire Transfer,0
123879,ORD-2022-079292,1,2022-06-16,2022,Q2,6,June,South,India,Tamil Nadu,Chennai,Stationery Report 4,Office Supplies,Stationery,2463.14,4755.63,Catherine Davis,Corporate,3.7,5647,,,Online,2,9578.95,1603.92,4926.28,3048.75,9.16,7975.030000000001,COD,0
123949,ORD-2023-079334,1,2023-09-07,2023,Q3,9,September,North,India,Delhi,New Delhi,Stationery Report 4,Office Supplies,Stationery,2463.14,4755.63,Matthew Leonard,Corporate,5.0,5692,,,Online,5,23842.32,1973.26,12315.7,9553.36,10.65,21869.06,Credit Card,1
124064,ORD-2024-079407,1,2024-12-09,2024,Q4,12,December,Central,India,Uttarakhand,Dehradun,Stationery Report 4,Office Supplies,Stationery,2463.14,4755.63,Chad Rivera,Consumer,4.1,4936,,,Online,5,23743.21,3244.76,12315.7,8182.75,27.59,20498.449999999997,UPI,0
124075,ORD-2022-079414,1,2022-09-18,2022,Q3,9,September,North,India,Punjab,Chandigarh,Stationery Report 4,Office Supplies,Stationery,2463.14,4755.63,Linda Morris,Consumer,3.1,5586,,,Online,1,4811.33,1358.9,2463.14,989.29,26.29,3452.43,Net Banking,0
124232,ORD-2024-079514,1,2024-04-15,2024,Q2,4,April,East,India,Jharkhand,Ranchi,Stationery Report 4,Office Supplies,Stationery,2463.14,4755.63,Marcus King,SMB,3.9,1471,Nathan Miles,80.0,Retail Store,1,4703.58,472.34,2463.14,1768.1,29.25,4231.24,COD,0
124822,ORD-2022-079883,1,2022-06-16,2022,Q2,6,June,Central,India,Uttarakhand,Dehradun,Stationery Report 4,Office Supplies,Stationery,2463.14,4755.63,Russell Murphy,Consumer,4.7,774,Jennifer Curtis,75.0,Retail Store,3,14493.84,3259.26,7389.42,3845.16,30.73,11234.58,Credit Card,0
125220,ORD-2023-080144,1,2023-05-24,2023,Q2,5,May,East,India,Odisha,Bhubaneswar,Stationery Report 4,Office Supplies,Stationery,2463.14,4755.63,Christine Meza,Consumer,4.3,5842,Peter Thompson,111.0,Marketplace,1,4719.66,810.26,2463.14,1446.26,27.6,3909.3999999999996,Net Banking,0
125410,ORD-2024-080257,1,2024-08-25,2024,Q3,8,August,North,India,Delhi,New Delhi,Stationery Report 4,Office Supplies,Stationery,2463.14,4755.63,Cindy Tucker,Consumer,3.0,6399,Alison Miller,19.0,Retail Store,9,43492.12,2029.79,22168.26,19294.07,12.98,41462.33,Credit Card,0
125586,ORD-2022-080373,1,2022-10-09,2022,Q4,10,October,South,India,Karnataka,Bengaluru,Stationery Report 4,Office Supplies,Stationery,2463.14,4755.63,Becky King,Corporate,3.2,5104,Nicole Baker,6.0,Retail Store,1,4773.64,1143.82,2463.14,1166.68,8.84,3629.8200000000006,Credit Card,0
125954,ORD-2024-080605,1,2024-09-02,2024,Q3,9,September,East,India,West Bengal,Kolkata,Stationery Report 4,Office Supplies,Stationery,2463.14,4755.63,Edgar Hughes,Corporate,4.7,587,,,Online,2,9571.65,597.93,4926.28,4047.44,12.52,8973.72,Net Banking,0
126246,ORD-2024-080803,2,2024-09-21,2024,Q3,9,September,South,India,Andhra Pradesh,Visakhapatnam,Stationery Report 4,Office Supplies,Stationery,2463.14,4755.63,Donna Wright,Corporate,4.0,4546,,,Online,2,9641.48,1109.89,4926.28,3605.31,35.99,8531.59,UPI,0
126392,ORD-2022-080902,1,2022-03-09,2022,Q1,3,March,South,India,Tamil Nadu,Chennai,Stationery Report 4,Office Supplies,Stationery,2463.14,4755.63,Catherine Davis,Corporate,3.7,5647,Olivia Russell,16.0,Online,4,19012.51,2268.43,9852.56,6891.52,8.06,16744.079999999998,Credit Card,0
127162,ORD-2022-081397,2,2022-12-12,2022,Q4,12,December,Central,India,Madhya Pradesh,Bhopal,Stationery Report 4,Office Supplies,Stationery,2463.14,4755.63,Vincent Novak,Consumer,3.4,599,Christopher Bolton,108.0,Retail Store,1,4697.89,384.79,2463.14,1849.96,28.08,4313.1,UPI,0
127608,ORD-2025-081679,1,2025-07-12,2025,Q3,7,July,West,India,Maharashtra,Pune,Stationery Report 4,Office Supplies,Stationery,2463.14,4755.63,Jennifer Smith,Corporate,3.1,4056,Lisa Henderson,84.0,Retail Store,3,14530.86,183.19,7389.42,6958.25,10.52,14347.67,UPI,0
127710,ORD-2024-081755,1,2024-05-08,2024,Q2,5,May,West,India,Madhya Pradesh,Indore,Stationery Report 4,Office Supplies,Stationery,2463.14,4755.63,Sarah Bush,Consumer,4.0,5861,,,Marketplace,1,4839.04,559.82,2463.14,1816.08,37.09,4279.22,UPI,0
1681,ORD-2023-001100,2,2023-06-07,2023,Q2,6,June,East,India,Jharkhand,Ranchi,Accessorie Ready 5,Electronics,Accessories,34558.06,41253.64,Dustin Hernandez,Consumer,4.9,7457,,,Online,7,294437.44,16593.91,241906.42,35937.11,52.52,277843.53,UPI,0
2351,ORD-2025-001527,1,2025-03-05,2025,Q1,3,March,West,India,Maharashtra,Pune,Accessorie Ready 5,Electronics,Accessories,34558.06,41253.64,Justin Hurley,Consumer,3.5,1341,,,Online,1,41430.82,4618.12,34558.06,2254.64,27.65,36812.7,UPI,0
2477,ORD-2024-001602,1,2024-06-17,2024,Q2,6,June,Central,India,Uttarakhand,Dehradun,Accessorie Ready 5,Electronics,Accessories,34558.06,41253.64,Alan Waller,Corporate,4.6,2069,Howard Hunter,55.0,Distributor,1,41916.1,5245.62,34558.06,2112.42,53.58,36670.479999999996,Credit Card,0
2976,ORD-2023-001914,2,2023-06-01,2023,Q2,6,June,East,India,Bihar,Patna,Accessorie Ready 5,Electronics,Accessories,34558.06,41253.64,Jessica Khan,Consumer,4.1,402,,,Online,4,165230.28,17371.75,138232.24,9626.29,56.34,147858.53,Credit Card,0
4336,ORD-2023-002740,1,2023-12-25,2023,Q4,12,December,West,India,Gujarat,Ahmedabad,Accessorie Ready 5,Electronics,Accessories,34558.06,41253.64,Angela Lin,Consumer,3.9,264,Henry Brooks,100.0,Distributor,4,164498.78,472.97,138232.24,25793.57,59.53,164025.81,COD,0
5852,ORD-2025-003705,4,2025-11-21,2025,Q4,11,November,South,India,Karnataka,Bengaluru,Accessorie Ready 5,Electronics,Accessories,34558.06,41253.64,Michael Keller,Consumer,4.0,1893,Billy Cross,71.0,Retail Store,1,40569.57,4447.6,34558.06,1563.91,20.28,36121.97,Credit Card,0
7741,ORD-2022-004908,1,2022-05-19,2022,Q2,5,May,East,India,Odisha,Bhubaneswar,Accessorie Ready 5,Electronics,Accessories,34558.06,41253.64,Suzanne Bailey,Consumer,3.5,1203,Nicole Ward,65.0,Retail Store,1,41366.13,1146.24,34558.06,5661.83,83.75,40219.89,UPI,0
7885,ORD-2022-004995,2,2022-10-16,2022,Q4,10,October,North,India,Delhi,New Delhi,Accessorie Ready 5,Electronics,Accessories,34558.06,41253.64,Jordan Lynch,Consumer,3.1,7723,Alison Miller,19.0,Distributor,2,82478.12,7191.59,69116.12,6170.41,25.9,75286.53,UPI,0
8555,ORD-2022-005428,1,2022-05-19,2022,Q2,5,May,West,India,Gujarat,Ahmedabad,Accessorie Ready 5,Electronics,Accessories,34558.06,41253.64,Tammy Taylor,Consumer,3.9,7409,Michelle Stevens,24.0,Distributor,4,162044.77,11976.31,138232.24,11836.22,58.15,150068.46,Credit Card,0
8604,ORD-2024-005469,2,2024-10-14,2024,Q4,10,October,West,India,Maharashtra,Pune,Accessorie Ready 5,Electronics,Accessories,34558.06,41253.64,Kara Rogers,SMB,2.6,2488,,,Online,1,41697.64,5536.3,34558.06,1603.28,20.23,36161.34,UPI,0
9539,ORD-2022-006049,1,2022-02-17,2022,Q1,2,February,East,India,West Bengal,Kolkata,Accessorie Ready 5,Electronics,Accessories,34558.06,41253.64,Raymond Barber,Consumer,4.2,2140,Eric Parker,87.0,Marketplace,1,40732.84,5930.49,34558.06,244.29,23.54,34802.35,Net Banking,0
10251,ORD-2024-006507,2,2024-02-09,2024,Q1,2,February,North,India,Delhi,New Delhi,Accessorie Ready 5,Electronics,Accessories,34558.06,41253.64,Edward Jenkins,Corporate,4.5,791,,,Online,4,167920.48,17731.18,138232.24,11957.06,27.42,150189.30000000002,UPI,0
13982,ORD-2023-008908,1,2023-11-30,2023,Q4,11,November,South,India,Karnataka,Bengaluru,Accessorie Ready 5,Electronics,Accessories,34558.06,41253.64,Kim Nelson,Consumer,3.5,5664,,,Online,2,81630.69,21077.39,69116.12,-8562.82,24.95,60553.3,COD,0
14499,ORD-2023-009233,1,2023-05-20,2023,Q2,5,May,Central,India,Madhya Pradesh,Bhopal,Accessorie Ready 5,Electronics,Accessories,34558.06,41253.64,Brittney Martin,Consumer,2.9,769,,,Online,3,123552.14,12879.45,103674.18,6998.51,66.84,110672.69,Net Banking,0
14645,ORD-2025-009320,2,2025-07-07,2025,Q3,7,July,Central,India,Uttar Pradesh,Kanpur,Accessorie Ready 5,Electronics,Accessories,34558.06,41253.64,Lawrence Martin,Consumer,4.0,6660,Wendy Horne,115.0,Retail Store,4,163166.92,3882.79,138232.24,21051.89,73.36,159284.13,Credit Card,0
18780,ORD-2023-011997,1,2023-07-02,2023,Q3,7,July,South,India,Telangana,Hyderabad,Accessorie Ready 5,Electronics,Accessories,34558.06,41253.64,Matthew Hunt,Corporate,3.7,1104,,,Online,1,41446.56,2906.78,34558.06,3981.72,19.52,38539.78,Credit Card,0
20451,ORD-2024-013064,1,2024-10-21,2024,Q4,10,October,South,India,Tamil Nadu,Chennai,Accessorie Ready 5,Electronics,Accessories,34558.06,41253.64,Bryan Paul,Consumer,3.6,7119,,,Online,8,335514.39,33891.46,276464.48,25158.45,19.57,301622.93,Credit Card,1
20833,ORD-2024-013315,1,2024-09-28,2024,Q3,9,September,East,India,West Bengal,Kolkata,Accessorie Ready 5,Electronics,Accessories,34558.06,41253.64,Amy Holt,Consumer,3.9,4157,,,Online,2,81529.79,15778.57,69116.12,-3364.9,22.48,65751.22,COD,0
21347,ORD-2023-013618,1,2023-06-18,2023,Q2,6,June,South,India,Tamil Nadu,Chennai,Accessorie Ready 5,Electronics,Accessories,34558.06,41253.64,Justin Perez,Consumer,3.3,3363,,,Online,1,40740.09,11573.06,34558.06,-5391.03,21.59,29167.03,Net Banking,0
22226,ORD-2022-014167,1,2022-09-25,2022,Q3,9,September,South,India,Tamil Nadu,Chennai,Accessorie Ready 5,Electronics,Accessories,34558.06,41253.64,Alexis Tucker,Consumer,3.3,1691,,,Marketplace,1,40950.59,7651.63,34558.06,-1259.1,18.54,33298.96,UPI,0
26606,ORD-2024-016956,1,2024-07-05,2024,Q3,7,July,East,India,Assam,Guwahati,Accessorie Ready 5,Electronics,Accessories,34558.06,41253.64,Melinda Hanson DDS,Consumer,4.1,7963,,,Online,1,40999.55,4701.09,34558.06,1740.4,63.92,36298.46000000001,UPI,0
27960,ORD-2025-017788,3,2025-04-26,2025,Q2,4,April,West,India,Maharashtra,Pune,Accessorie Ready 5,Electronics,Accessories,34558.06,41253.64,Ashley Sanders,SMB,3.8,3314,Michael Gibbs,4.0,Distributor,3,125804.91,3130.85,103674.18,18999.88,25.65,122674.06,COD,0
28716,ORD-2023-018282,1,2023-10-20,2023,Q4,10,October,North,India,Uttar Pradesh,Lucknow,Accessorie Ready 5,Electronics,Accessories,34558.06,41253.64,John Jones,Corporate,4.2,5784,,,Online,5,207296.49,25469.5,172790.3,9036.69,59.89,181826.99,COD,0
31419,ORD-2023-020003,1,2023-06-09,2023,Q2,6,June,West,India,Maharashtra,Pune,Accessorie Ready 5,Electronics,Accessories,34558.06,41253.64,Alyssa Weber,Corporate,4.6,3526,Megan Hernandez,31.0,Retail Store,4,161832.12,7695.25,138232.24,15904.63,20.54,154136.87,UPI,0
34547,ORD-2022-022047,1,2022-06-20,2022,Q2,6,June,Central,India,Madhya Pradesh,Bhopal,Accessorie Ready 5,Electronics,Accessories,34558.06,41253.64,Toni Gill,Consumer,4.4,3536,,,Online,3,125491.1,15777.79,103674.18,6039.13,66.5,109713.31,COD,0
36514,ORD-2024-023291,1,2024-04-17,2024,Q2,4,April,South,India,Telangana,Hyderabad,Accessorie Ready 5,Electronics,Accessories,34558.06,41253.64,Bonnie Wade,Consumer,3.4,2041,,,Online,1,40942.43,6456.85,34558.06,-72.48,20.29,34485.58,Net Banking,0
38431,ORD-2025-024527,1,2025-10-10,2025,Q4,10,October,North,India,Haryana,Gurugram,Accessorie Ready 5,Electronics,Accessories,34558.06,41253.64,Pamela Davis,Consumer,3.8,3461,,,Online,4,164271.16,15588.47,138232.24,10450.45,74.34,148682.69,Net Banking,0
41278,ORD-2024-026360,1,2024-05-25,2024,Q2,5,May,West,India,Maharashtra,Pune,Accessorie Ready 5,Electronics,Accessories,34558.06,41253.64,Spencer Manning,Consumer,4.3,5384,Megan Hernandez,31.0,Online,2,80891.93,4894.09,69116.12,6881.72,27.99,75997.84,COD,0
43076,ORD-2022-027537,1,2022-10-03,2022,Q4,10,October,West,India,Maharashtra,Pune,Accessorie Ready 5,Electronics,Accessories,34558.06,41253.64,Brian Mendoza,Consumer,2.7,1750,Michael Gibbs,4.0,Distributor,1,41930.95,842.63,34558.06,6530.26,19.27,41088.32,COD,0
46901,ORD-2024-029961,1,2024-09-11,2024,Q3,9,September,South,India,Telangana,Hyderabad,Accessorie Ready 5,Electronics,Accessories,34558.06,41253.64,David Harris,Corporate,3.2,520,Daniel Martinez,34.0,Marketplace,1,41766.54,4204.7,34558.06,3003.78,27.55,37561.840000000004,Credit Card,0
47457,ORD-2025-030319,1,2025-04-10,2025,Q2,4,April,South,India,Kerala,Kochi,Accessorie Ready 5,Electronics,Accessories,34558.06,41253.64,Brett Burns,Consumer,4.6,180,Steven Cannon,114.0,Retail Store,6,243224.56,21922.27,207348.36,13953.93,68.08,221302.29,UPI,0
47712,ORD-2023-030478,1,2023-12-03,2023,Q4,12,December,West,India,Maharashtra,Mumbai,Accessorie Ready 5,Electronics,Accessories,34558.06,41253.64,Thomas Chang,SMB,3.9,7733,Zachary Doyle,63.0,Retail Store,3,122570.64,7256.53,103674.18,11639.93,19.79,115314.11,Wire Transfer,0
51196,ORD-2022-032690,1,2022-12-26,2022,Q4,12,December,Central,India,Himachal Pradesh,Shimla,Accessorie Ready 5,Electronics,Accessories,34558.06,41253.64,Rebecca Oneill,Consumer,3.7,4952,Angela Drake,21.0,Distributor,1,41449.66,2699.29,34558.06,4192.31,73.18,38750.37,UPI,0
52478,ORD-2022-033499,3,2022-06-25,2022,Q2,6,June,West,India,Maharashtra,Pune,Accessorie Ready 5,Electronics,Accessories,34558.06,41253.64,Angela May MD,Consumer,3.1,1586,Lisa Henderson,84.0,Retail Store,1,41727.64,1815.99,34558.06,5353.59,23.66,39911.65,COD,0
53264,ORD-2024-034014,3,2024-09-09,2024,Q3,9,September,East,India,West Bengal,Kolkata,Accessorie Ready 5,Electronics,Accessories,34558.06,41253.64,Joshua Miller,Consumer,3.2,4857,Diane Smith,92.0,Retail Store,8,330726.83,90084.05,276464.48,-35821.7,24.8,240642.78000000003,Credit Card,0
53698,ORD-2025-034290,2,2025-01-02,2025,Q1,1,January,West,India,Maharashtra,Mumbai,Accessorie Ready 5,Electronics,Accessories,34558.06,41253.64,Christopher Sullivan,Consumer,4.1,7417,Tammy Nguyen,2.0,Retail Store,1,41740.1,7828.41,34558.06,-646.37,18.34,33911.69,COD,0
54525,ORD-2023-034817,1,2023-11-10,2023,Q4,11,November,South,India,Telangana,Hyderabad,Accessorie Ready 5,Electronics,Accessories,34558.06,41253.64,Dillon Case,Consumer,3.8,4399,Jo Hickman,70.0,Distributor,3,121711.44,6722.43,103674.18,11314.83,25.3,114989.01000000001,UPI,0
58398,ORD-2022-037334,1,2022-02-01,2022,Q1,2,February,South,India,Telangana,Hyderabad,Accessorie Ready 5,Electronics,Accessories,34558.06,41253.64,Eric Elliott,Consumer,2.9,3049,,,Online,3,123007.47,13172.74,103674.18,6160.55,21.47,109834.73,Credit Card,1
58940,ORD-2025-037690,1,2025-06-06,2025,Q2,6,June,South,India,Kerala,Kochi,Accessorie Ready 5,Electronics,Accessories,34558.06,41253.64,Stephanie Knight,Corporate,4.2,1639,,,Online,5,202843.17,28890.66,172790.3,1162.21,63.32,173952.51,UPI,0
59661,ORD-2023-038135,2,2023-11-08,2023,Q4,11,November,West,India,Maharashtra,Pune,Accessorie Ready 5,Electronics,Accessories,34558.06,41253.64,Nicholas Payne,SMB,2.7,841,Maria Dixon,73.0,Distributor,5,204986.81,16377.54,172790.3,15818.97,23.79,188609.27,COD,0
59822,ORD-2023-038243,1,2023-01-01,2023,Q1,1,January,South,India,Karnataka,Bengaluru,Accessorie Ready 5,Electronics,Accessories,34558.06,41253.64,Heather Payne,Corporate,3.9,7718,Nicole Baker,6.0,Retail Store,1,41709.92,2319.28,34558.06,4832.58,24.47,39390.64,Wire Transfer,0
59918,ORD-2024-038302,1,2024-11-16,2024,Q4,11,November,East,India,Bihar,Patna,Accessorie Ready 5,Electronics,Accessories,34558.06,41253.64,Dr. Teresa Ortega MD,Corporate,3.1,2490,Jill Stevens,44.0,Online,3,124197.48,21263.55,103674.18,-740.25,74.56,102933.93,UPI,0
62642,ORD-2022-040030,1,2022-10-22,2022,Q4,10,October,Central,India,Madhya Pradesh,Bhopal,Accessorie Ready 5,Electronics,Accessories,34558.06,41253.64,David Perkins,Corporate,4.4,5791,,,Online,2,82690.81,11089.38,69116.12,2485.31,81.74,71601.43,Credit Card,0
63733,ORD-2022-040741,1,2022-09-25,2022,Q3,9,September,East,India,Bihar,Patna,Accessorie Ready 5,Electronics,Accessories,34558.06,41253.64,David Romero,Consumer,3.9,3786,Robert Bailey,102.0,Distributor,1,40744.0,8247.53,34558.06,-2061.59,72.56,32496.47,UPI,0
65322,ORD-2025-041775,1,2025-04-20,2025,Q2,4,April,West,India,Maharashtra,Pune,Accessorie Ready 5,Electronics,Accessories,34558.06,41253.64,David Martin,Consumer,4.7,2251,Lisa Henderson,84.0,Retail Store,3,122902.02,7635.17,103674.18,11592.67,27.9,115266.85,Credit Card,0
65488,ORD-2024-041878,1,2024-10-11,2024,Q4,10,October,West,India,Maharashtra,Mumbai,Accessorie Ready 5,Electronics,Accessories,34558.06,41253.64,Nicole Barker,Consumer,3.8,900,,,Online,3,123950.45,10278.01,103674.18,9998.26,26.83,113672.44,UPI,0
65792,ORD-2024-042076,2,2024-11-02,2024,Q4,11,November,South,India,Telangana,Hyderabad,Accessorie Ready 5,Electronics,Accessories,34558.06,41253.64,Paul Payne,Corporate,4.6,15,,,Online,2,82531.2,10356.73,69116.12,3058.35,26.48,72174.47,Net Banking,0
66360,ORD-2024-042415,1,2024-12-30,2024,Q4,12,December,East,India,West Bengal,Kolkata,Accessorie Ready 5,Electronics,Accessories,34558.06,41253.64,Sandra Rivera,Consumer,3.5,785,Diane Smith,92.0,Distributor,1,41552.07,3263.61,34558.06,3730.4,26.57,38288.46,Credit Card,0
66751,ORD-2023-042667,1,2023-03-28,2023,Q1,3,March,South,India,Andhra Pradesh,Visakhapatnam,Accessorie Ready 5,Electronics,Accessories,34558.06,41253.64,Steven Hall,SMB,3.2,4592,Jeffrey Leonard,36.0,Retail Store,3,122333.48,6700.58,103674.18,11958.72,77.88,115632.9,COD,0
68221,ORD-2022-043591,1,2022-07-16,2022,Q3,7,July,North,India,Uttar Pradesh,Lucknow,Accessorie Ready 5,Electronics,Accessories,34558.06,41253.64,David Rivers,Consumer,3.5,7435,Curtis Davis,50.0,Retail Store,4,167915.24,14773.26,138232.24,14909.74,61.84,153141.97999999998,Credit Card,0
68409,ORD-2025-043715,2,2025-07-20,2025,Q3,7,July,East,India,Jharkhand,Ranchi,Accessorie Ready 5,Electronics,Accessories,34558.06,41253.64,Jennifer Ramirez,Corporate,3.8,6980,Nathan Miles,80.0,Retail Store,1,41722.51,1399.36,34558.06,5765.09,81.11,40323.15,UPI,0
69782,ORD-2023-044571,3,2023-05-25,2023,Q2,5,May,Central,India,Uttarakhand,Dehradun,Accessorie Ready 5,Electronics,Accessories,34558.06,41253.64,Jeffrey Watts,Consumer,3.7,6159,,,Online,4,167332.71,14014.24,138232.24,15086.23,61.81,153318.47,Net Banking,0
71219,ORD-2022-045482,2,2022-09-26,2022,Q3,9,September,South,India,Kerala,Kochi,Accessorie Ready 5,Electronics,Accessories,34558.06,41253.64,Catherine Holland,Consumer,3.3,4281,Steven Cannon,114.0,Distributor,3,123945.98,7490.6,103674.18,12781.2,54.35,116455.37999999999,UPI,0
71915,ORD-2023-045932,1,2023-07-21,2023,Q3,7,July,West,India,Madhya Pradesh,Indore,Accessorie Ready 5,Electronics,Accessories,34558.06,41253.64,Kenneth Walsh,SMB,4.4,2271,Jordan Harper,29.0,Retail Store,1,41357.9,3488.2,34558.06,3311.64,76.53,37869.700000000004,Credit Card,0
73904,ORD-2022-047195,1,2022-07-17,2022,Q3,7,July,West,India,Maharashtra,Mumbai,Accessorie Ready 5,Electronics,Accessories,34558.06,41253.64,Derek Jones,Corporate,4.8,2999,April White,81.0,Online,8,336194.13,109921.7,276464.48,-50192.05,23.36,226272.43,COD,0
73983,ORD-2025-047248,1,2025-12-31,2025,Q4,12,December,South,India,Telangana,Hyderabad,Accessorie Ready 5,Electronics,Accessories,34558.06,41253.64,Lauren Hooper,Corporate,3.7,7044,,,Online,1,40983.41,2191.29,34558.06,4234.06,26.65,38792.12,Net Banking,0
73996,ORD-2025-047259,1,2025-09-03,2025,Q3,9,September,Central,India,Madhya Pradesh,Bhopal,Accessorie Ready 5,Electronics,Accessories,34558.06,41253.64,Dawn Levy,Corporate,4.4,4284,,,Online,1,41212.67,4364.85,34558.06,2289.76,59.53,36847.82,UPI,0
74053,ORD-2023-047297,1,2023-02-17,2023,Q1,2,February,South,India,Tamil Nadu,Chennai,Accessorie Ready 5,Electronics,Accessories,34558.06,41253.64,Patricia Cannon,Corporate,3.9,6129,Olivia Russell,16.0,Retail Store,6,246315.92,22498.64,207348.36,16468.92,25.13,223817.28000000003,Net Banking,0
74758,ORD-2024-047753,1,2024-03-30,2024,Q1,3,March,South,India,Telangana,Hyderabad,Accessorie Ready 5,Electronics,Accessories,34558.06,41253.64,Jason Alvarez,Consumer,3.5,2851,Jo Hickman,70.0,Retail Store,1,41045.71,219.56,34558.06,6268.09,23.94,40826.15,COD,0
75304,ORD-2022-048099,3,2022-12-16,2022,Q4,12,December,South,India,Telangana,Hyderabad,Accessorie Ready 5,Electronics,Accessories,34558.06,41253.64,Shannon Malone,Consumer,4.8,558,Taylor Parsons,103.0,Retail Store,1,41985.55,2205.65,34558.06,5221.84,17.74,39779.9,Credit Card,0
75741,ORD-2025-048376,1,2025-02-10,2025,Q1,2,February,East,India,West Bengal,Kolkata,Accessorie Ready 5,Electronics,Accessories,34558.06,41253.64,Ashley Gonzales,Consumer,3.6,2645,Eric Parker,87.0,Online,2,81328.2,9911.56,69116.12,2300.52,21.72,71416.64,Credit Card,0
78050,ORD-2024-049865,2,2024-09-14,2024,Q3,9,September,West,India,Goa,Panaji,Accessorie Ready 5,Electronics,Accessories,34558.06,41253.64,Rebecca Miller,Consumer,3.1,4536,Cindy Garza,88.0,Retail Store,3,125476.99,3725.27,103674.18,18077.54,77.35,121751.72,Credit Card,0
79864,ORD-2023-051021,1,2023-08-24,2023,Q3,8,August,South,India,Karnataka,Bengaluru,Accessorie Ready 5,Electronics,Accessories,34558.06,41253.64,Katherine Mcdonald,Consumer,4.4,6921,Dean Evans,90.0,Retail Store,1,41060.91,7.7,34558.06,6495.15,24.09,41053.21000000001,UPI,0
82216,ORD-2022-052566,1,2022-04-19,2022,Q2,4,April,Central,India,Madhya Pradesh,Bhopal,Accessorie Ready 5,Electronics,Accessories,34558.06,41253.64,Nathan Adams,Consumer,4.4,4382,,,Online,1,41598.38,5235.24,34558.06,1805.08,75.94,36363.14,Net Banking,0
82838,ORD-2025-052945,2,2025-09-23,2025,Q3,9,September,West,India,Maharashtra,Mumbai,Accessorie Ready 5,Electronics,Accessories,34558.06,41253.64,Eric Jones Jr.,Corporate,3.1,7320,Tammy Nguyen,2.0,Retail Store,2,82749.16,5355.69,69116.12,8277.35,18.1,77393.47,Credit Card,0
83584,ORD-2025-053409,2,2025-04-12,2025,Q2,4,April,East,India,West Bengal,Kolkata,Accessorie Ready 5,Electronics,Accessories,34558.06,41253.64,Barbara Flores,SMB,4.5,2941,Noah Briggs,64.0,Distributor,1,41818.12,2451.02,34558.06,4809.04,22.41,39367.100000000006,COD,0
84050,ORD-2022-053708,1,2022-05-21,2022,Q2,5,May,East,India,Bihar,Patna,Accessorie Ready 5,Electronics,Accessories,34558.06,41253.64,Sydney Green,Consumer,3.6,5800,,,Online,1,40603.47,3603.79,34558.06,2441.62,64.27,36999.68,COD,0
84513,ORD-2025-054014,4,2025-08-07,2025,Q3,8,August,South,India,Kerala,Kochi,Accessorie Ready 5,Electronics,Accessories,34558.06,41253.64,Sarah Johnson,Consumer,4.6,2794,,,Online,1,41339.2,5737.48,34558.06,1043.66,68.83,35601.72,Wire Transfer,0
85079,ORD-2023-054381,1,2023-11-04,2023,Q4,11,November,North,India,Delhi,New Delhi,Accessorie Ready 5,Electronics,Accessories,34558.06,41253.64,Jeffrey Williams,Corporate,3.4,3174,,,Online,1,40578.48,3724.09,34558.06,2296.33,18.54,36854.39,COD,0
88249,ORD-2024-056467,2,2024-08-04,2024,Q3,8,August,East,India,Assam,Guwahati,Accessorie Ready 5,Electronics,Accessories,34558.06,41253.64,Ellen Thornton,Consumer,4.8,1424,Nicole Baker,6.0,Retail Store,1,41170.55,8500.56,34558.06,-1888.07,80.46,32669.990000000005,UPI,0
92239,ORD-2024-059038,4,2024-04-04,2024,Q2,4,April,South,India,Karnataka,Bengaluru,Accessorie Ready 5,Electronics,Accessories,34558.06,41253.64,John Stewart,Consumer,2.7,5984,Dean Evans,90.0,Retail Store,2,83509.09,5926.21,69116.12,8466.76,22.78,77582.87999999999,UPI,0
93079,ORD-2024-059612,2,2024-08-11,2024,Q3,8,August,South,India,Kerala,Kochi,Accessorie Ready 5,Electronics,Accessories,34558.06,41253.64,Jack White,Consumer,3.8,285,,,Online,1,41739.59,6213.41,34558.06,968.12,61.51,35526.17999999999,COD,0
95545,ORD-2025-061199,1,2025-03-19,2025,Q1,3,March,West,India,Maharashtra,Pune,Accessorie Ready 5,Electronics,Accessories,34558.06,41253.64,Traci Craig,Corporate,3.9,2627,Michael Gibbs,4.0,Retail Store,1,40457.05,548.53,34558.06,5350.46,18.52,39908.520000000004,UPI,0
96198,ORD-2022-061594,1,2022-09-14,2022,Q3,9,September,South,India,Telangana,Hyderabad,Accessorie Ready 5,Electronics,Accessories,34558.06,41253.64,Patricia Mitchell,Consumer,3.5,4726,Michelle Hall,30.0,Distributor,3,122956.78,10725.39,103674.18,8557.21,19.72,112231.39,Net Banking,0
